client_id,full_name,phone,email,client_type
1,Marat Abilov,+77739842506,marat.abilov1@example.com,seller
2,Madina Bekturov,+77914996002,madina.bekturov2@example.com,seller
3,Nursultan Amanov,+77870021632,nursultan.amanov3@example.com,seller
4,Omir Iskakov,+77328993166,omir.iskakov4@example.com,seller
5,Azamat Ualikhanova,+77866472993,azamat.ualikhanova5@example.com,seller
6,Timur Ibragimov,+77226073427,timur.ibragimov6@example.com,seller
7,Gulnara Nurpeis,+77755092420,gulnara.nurpeis7@example.com,seller
8,Madina Turarov,+77063080278,madina.turarov8@example.com,seller
9,Diana Suleimen,+77482024385,diana.suleimen9@example.com,seller
10,Diana Turarov,+77303305498,diana.turarov10@example.com,seller
11,Sara Nurlybai,+77256897080,sara.nurlybai11@example.com,seller
12,Zhanar Ualikhanova,+77131660615,zhanar.ualikhanova12@example.com,seller
13,Aigerim Amanov,+77704569703,aigerim.amanov13@example.com,seller
14,Omir Kassenov,+77419612165,omir.kassenov14@example.com,seller
15,Omir Turarov,+77052519060,omir.turarov15@example.com,buyer
16,Kamila Bekturov,+77200319944,kamila.bekturov16@example.com,seller
17,Gulnara Bekturov,+77841518072,gulnara.bekturov17@example.com,seller
18,Gulnara Nurpeis,+77875938389,gulnara.nurpeis18@example.com,seller
19,Zhanar Ibragimov,+77983003383,zhanar.ibragimov19@example.com,buyer
20,Aidos Kassenov,+77269080108,aidos.kassenov20@example.com,seller
21,Dias Amanov,+77940083468,dias.amanov21@example.com,seller
22,Diana Sadykova,+77949423058,diana.sadykova22@example.com,seller
23,Rustem Iskakov,+77648456134,rustem.iskakov23@example.com,seller
24,Kamila Yermekova,+77773936345,kamila.yermekova24@example.com,buyer
25,Zhanar Sadykova,+77827704564,zhanar.sadykova25@example.com,seller
26,Omir Ibragimov,+77859217464,omir.ibragimov26@example.com,seller
27,Sara Mukhtarov,+77112310447,sara.mukhtarov27@example.com,seller
28,Erlan Yermekova,+77226625846,erlan.yermekova28@example.com,seller
29,Sara Iskakov,+77293610444,sara.iskakov29@example.com,seller
30,Erlan Nurlybai,+77657627978,erlan.nurlybai30@example.com,seller
31,Zhanar Sadykova,+77488501521,zhanar.sadykova31@example.com,seller
32,Salem Zhaksybek,+77047796183,salem.zhaksybek32@example.com,seller
33,Sara Mukhtarov,+77437374016,sara.mukhtarov33@example.com,seller
34,Bek Ualikhanova,+77997558133,bek.ualikhanova34@example.com,seller
35,Marat Nurlybai,+77247975555,marat.nurlybai35@example.com,seller
36,Laila Abilov,+77482401429,laila.abilov36@example.com,seller
37,Timur Sadykova,+77876963890,timur.sadykova37@example.com,buyer
38,Laila Rysbek,+77423926776,laila.rysbek38@example.com,seller
39,Aidos Iskakov,+77246124013,aidos.iskakov39@example.com,seller
40,Rustem Zhaksybek,+77256602785,rustem.zhaksybek40@example.com,seller
41,Aidos Ualikhanova,+77051285942,aidos.ualikhanova41@example.com,seller
42,Kamila Amanzholov,+77874481832,kamila.amanzholov42@example.com,seller
43,Aidos Iskakov,+77932594086,aidos.iskakov43@example.com,seller
44,Marat Sadykova,+77533258413,marat.sadykova44@example.com,seller
45,Salem Amanzholov,+77308762124,salem.amanzholov45@example.com,seller
46,Rustem Bekturov,+77602105788,rustem.bekturov46@example.com,seller
47,Nursultan Amanzholov,+77704484734,nursultan.amanzholov47@example.com,buyer
48,Aidos Ualikhanova,+77085552409,aidos.ualikhanova48@example.com,seller
49,Rustem Amanov,+77022216686,rustem.amanov49@example.com,buyer
50,Diana Rysbek,+77181486664,diana.rysbek50@example.com,seller
51,Kamila Ualikhanova,+77173797429,kamila.ualikhanova51@example.com,seller
52,Aigerim Kassenov,+77388082110,aigerim.kassenov52@example.com,buyer
53,Timur Saparov,+77582311168,timur.saparov53@example.com,seller
54,Dias Nurpeis,+77937614087,dias.nurpeis54@example.com,buyer
55,Aidos Abilov,+77070847922,aidos.abilov55@example.com,seller
56,Nursultan Suleimen,+77821305438,nursultan.suleimen56@example.com,seller
57,Sara Suleimen,+77537368128,sara.suleimen57@example.com,seller
58,Erlan Suleimen,+77516729526,erlan.suleimen58@example.com,seller
59,Dias Akhmetov,+77847182332,dias.akhmetov59@example.com,buyer
60,Omir Kassenov,+77416483706,omir.kassenov60@example.com,buyer
61,Salem Rysbek,+77778801316,salem.rysbek61@example.com,seller
62,Marat Turarov,+77068110643,marat.turarov62@example.com,buyer
63,Diana Ibragimov,+77172163578,diana.ibragimov63@example.com,seller
64,Bek Akhmetov,+77031985809,bek.akhmetov64@example.com,seller
65,Azamat Ualikhanova,+77111206782,azamat.ualikhanova65@example.com,seller
66,Aigerim Kassenov,+77204165230,aigerim.kassenov66@example.com,seller
67,Laila Turarov,+77799563204,laila.turarov67@example.com,seller
68,Bek Amanzholov,+77827682093,bek.amanzholov68@example.com,seller
69,Azamat Ibragimov,+77689908527,azamat.ibragimov69@example.com,seller
70,Aigerim Sadykova,+77039062171,aigerim.sadykova70@example.com,seller
71,Aigerim Mukhtarov,+77613041404,aigerim.mukhtarov71@example.com,seller
72,Aidos Akhmetov,+77696554388,aidos.akhmetov72@example.com,seller
73,Zhanar Mukhtarov,+77338411395,zhanar.mukhtarov73@example.com,seller
74,Dias Nurpeis,+77905188399,dias.nurpeis74@example.com,seller
75,Marat Iskakov,+77602811853,marat.iskakov75@example.com,buyer
76,Laila Nurpeis,+77508341388,laila.nurpeis76@example.com,seller
77,Salem Amanzholov,+77779433140,salem.amanzholov77@example.com,seller
78,Arman Zhumanov,+77870621341,arman.zhumanov78@example.com,buyer
79,Sara Abilov,+77335069915,sara.abilov79@example.com,seller
80,Timur Sadykova,+77921975845,timur.sadykova80@example.com,seller
81,Madina Saparov,+77713848970,madina.saparov81@example.com,buyer
82,Kamila Bekturov,+77164321971,kamila.bekturov82@example.com,seller
83,Sara Ualikhanova,+77079883432,sara.ualikhanova83@example.com,seller
84,Dias Amanov,+77331126013,dias.amanov84@example.com,seller
85,Zhanar Mukhtarov,+77028075963,zhanar.mukhtarov85@example.com,seller
86,Sara Kassenov,+77764289767,sara.kassenov86@example.com,seller
87,Diana Iskakov,+77647365830,diana.iskakov87@example.com,buyer
88,Omir Suleimen,+77102174331,omir.suleimen88@example.com,seller
89,Sara Ibragimov,+77953921247,sara.ibragimov89@example.com,seller
90,Nursultan Nurlybai,+77227966627,nursultan.nurlybai90@example.com,seller
91,Rustem Sadykova,+77296905612,rustem.sadykova91@example.com,seller
92,Salem Amanzholov,+77980297515,salem.amanzholov92@example.com,seller
93,Salem Nurlybai,+77934477954,salem.nurlybai93@example.com,seller
94,Salem Saparov,+77107842029,salem.saparov94@example.com,seller
95,Madina Saparov,+77986595127,madina.saparov95@example.com,seller
96,Dias Ibragimov,+77288888289,dias.ibragimov96@example.com,seller
97,Diana Turarov,+77101269922,diana.turarov97@example.com,seller
98,Arman Amanov,+77045660707,arman.amanov98@example.com,seller
99,Omir Bekturov,+77581929857,omir.bekturov99@example.com,buyer
100,Kamila Kassenov,+77634424489,kamila.kassenov0@example.com,buyer
101,Dias Ibragimov,+77180796443,dias.ibragimov1@example.com,buyer
102,Laila Suleimen,+77677358085,laila.suleimen2@example.com,seller
103,Bek Yermekova,+77782487908,bek.yermekova3@example.com,seller
104,Nursultan Iskakov,+77256180343,nursultan.iskakov4@example.com,seller
105,Aidos Iskakov,+77939602204,aidos.iskakov5@example.com,seller
106,Laila Yermekova,+77528981921,laila.yermekova6@example.com,buyer
107,Madina Ualikhanova,+77226567597,madina.ualikhanova7@example.com,seller
108,Aigerim Iskakov,+77314291003,aigerim.iskakov8@example.com,seller
109,Diana Bekturov,+77634334597,diana.bekturov9@example.com,seller
110,Laila Saparov,+77289223354,laila.saparov10@example.com,seller
111,Marat Suleimen,+77759032780,marat.suleimen11@example.com,seller
112,Kamila Zhumanov,+77534376866,kamila.zhumanov12@example.com,buyer
113,Arman Bekturov,+77634299414,arman.bekturov13@example.com,seller
114,Kamila Nurpeis,+77619136728,kamila.nurpeis14@example.com,seller
115,Laila Suleimen,+77720506291,laila.suleimen15@example.com,seller
116,Diana Sadykova,+77247879360,diana.sadykova16@example.com,seller
117,Madina Turarov,+77734512606,madina.turarov17@example.com,seller
118,Diana Yermekova,+77296942296,diana.yermekova18@example.com,buyer
119,Laila Mukhtarov,+77699921828,laila.mukhtarov19@example.com,seller
120,Arman Mukhtarov,+77443837453,arman.mukhtarov20@example.com,seller
121,Sara Yermekova,+77480042598,sara.yermekova21@example.com,seller
122,Diana Suleimen,+77932868125,diana.suleimen22@example.com,seller
123,Sara Ualikhanova,+77406652481,sara.ualikhanova23@example.com,seller
124,Gulnara Yermekova,+77921008738,gulnara.yermekova24@example.com,seller
125,Aigerim Bekturov,+77379222193,aigerim.bekturov25@example.com,seller
126,Rustem Amanov,+77524966887,rustem.amanov26@example.com,seller
127,Zhanar Sadykova,+77270702411,zhanar.sadykova27@example.com,seller
128,Zhanar Zhaksybek,+77170300931,zhanar.zhaksybek28@example.com,seller
129,Madina Zhaksybek,+77562943505,madina.zhaksybek29@example.com,seller
130,Aigerim Ualikhanova,+77118558797,aigerim.ualikhanova30@example.com,seller
131,Diana Saparov,+77299926247,diana.saparov31@example.com,buyer
132,Zhanar Mukhtarov,+77508131097,zhanar.mukhtarov32@example.com,buyer
133,Laila Zhaksybek,+77373493559,laila.zhaksybek33@example.com,seller
134,Rustem Zhaksybek,+77215740509,rustem.zhaksybek34@example.com,seller
135,Bek Bekturov,+77289523201,bek.bekturov35@example.com,seller
136,Bek Abilov,+77470437742,bek.abilov36@example.com,seller
137,Aidos Abilov,+77692800081,aidos.abilov37@example.com,seller
138,Azamat Abilov,+77592433358,azamat.abilov38@example.com,seller
139,Arman Rysbek,+77774428419,arman.rysbek39@example.com,seller
140,Erlan Rysbek,+77740782918,erlan.rysbek40@example.com,seller
141,Kamila Iskakov,+77858415072,kamila.iskakov41@example.com,seller
142,Azamat Mukhtarov,+77067611134,azamat.mukhtarov42@example.com,seller
143,Rustem Saparov,+77270688991,rustem.saparov43@example.com,seller
144,Salem Zhumanov,+77616771979,salem.zhumanov44@example.com,buyer
145,Bek Iskakov,+77003619410,bek.iskakov45@example.com,buyer
146,Aidos Ibragimov,+77825163204,aidos.ibragimov46@example.com,seller
147,Laila Ibragimov,+77001568217,laila.ibragimov47@example.com,seller
148,Aigerim Kassenov,+77116464728,aigerim.kassenov48@example.com,seller
149,Zhanar Rysbek,+77747353229,zhanar.rysbek49@example.com,seller
150,Laila Yermekova,+77675219370,laila.yermekova50@example.com,seller
151,Marat Nurlybai,+77605614022,marat.nurlybai51@example.com,seller
152,Arman Bekturov,+77506649882,arman.bekturov52@example.com,seller
153,Rustem Ibragimov,+77049181057,rustem.ibragimov53@example.com,seller
154,Omir Amanov,+77814891152,omir.amanov54@example.com,seller
155,Salem Ibragimov,+77529516369,salem.ibragimov55@example.com,buyer
156,Zhanar Amanzholov,+77017643054,zhanar.amanzholov56@example.com,seller
157,Arman Nurlybai,+77961992473,arman.nurlybai57@example.com,buyer
158,Rustem Ualikhanova,+77930452650,rustem.ualikhanova58@example.com,seller
159,Aigerim Zhaksybek,+77442768047,aigerim.zhaksybek59@example.com,buyer
160,Arman Amanzholov,+77473822048,arman.amanzholov60@example.com,seller
161,Rustem Yermekova,+77234580870,rustem.yermekova61@example.com,seller
162,Arman Sadykova,+77275368117,arman.sadykova62@example.com,seller
163,Laila Ualikhanova,+77129146938,laila.ualikhanova63@example.com,seller
164,Laila Zhaksybek,+77958961763,laila.zhaksybek64@example.com,seller
165,Dias Ibragimov,+77991672690,dias.ibragimov65@example.com,buyer
166,Marat Suleimen,+77100405760,marat.suleimen66@example.com,seller
167,Marat Amanzholov,+77801459940,marat.amanzholov67@example.com,buyer
168,Madina Amanov,+77739804571,madina.amanov68@example.com,seller
169,Salem Kassenov,+77705767298,salem.kassenov69@example.com,seller
170,Bek Yermekova,+77854400296,bek.yermekova70@example.com,seller
171,Sara Suleimen,+77095251839,sara.suleimen71@example.com,buyer
172,Laila Rysbek,+77000099764,laila.rysbek72@example.com,seller
173,Omir Akhmetov,+77808879120,omir.akhmetov73@example.com,seller
174,Salem Kassenov,+77028882976,salem.kassenov74@example.com,buyer
175,Laila Mukhtarov,+77716506411,laila.mukhtarov75@example.com,seller
176,Aigerim Kassenov,+77882952963,aigerim.kassenov76@example.com,seller
177,Rustem Sadykova,+77786451710,rustem.sadykova77@example.com,seller
178,Aigerim Yermekova,+77212219350,aigerim.yermekova78@example.com,seller
179,Timur Zhaksybek,+77065793697,timur.zhaksybek79@example.com,seller
180,Rustem Zhumanov,+77144434425,rustem.zhumanov80@example.com,seller
181,Arman Yermekova,+77393679292,arman.yermekova81@example.com,seller
182,Zhanar Nurpeis,+77738645398,zhanar.nurpeis82@example.com,seller
183,Nursultan Amanov,+77405966906,nursultan.amanov83@example.com,seller
184,Nursultan Akhmetov,+77037720016,nursultan.akhmetov84@example.com,seller
185,Zhanar Suleimen,+77091082624,zhanar.suleimen85@example.com,seller
186,Aigerim Turarov,+77165076747,aigerim.turarov86@example.com,seller
187,Arman Ualikhanova,+77246162961,arman.ualikhanova87@example.com,buyer
188,Kamila Iskakov,+77766353495,kamila.iskakov88@example.com,seller
189,Gulnara Kassenov,+77889890958,gulnara.kassenov89@example.com,seller
190,Gulnara Ualikhanova,+77184828560,gulnara.ualikhanova90@example.com,seller
191,Kamila Ibragimov,+77279418400,kamila.ibragimov91@example.com,seller
192,Aidos Yermekova,+77435741785,aidos.yermekova92@example.com,seller
193,Azamat Amanzholov,+77499148625,azamat.amanzholov93@example.com,buyer
194,Laila Suleimen,+77855344669,laila.suleimen94@example.com,seller
195,Madina Abilov,+77791351561,madina.abilov95@example.com,seller
196,Salem Amanov,+77423706090,salem.amanov96@example.com,seller
197,Madina Iskakov,+77193050830,madina.iskakov97@example.com,seller
198,Diana Abilov,+77974958933,diana.abilov98@example.com,seller
199,Erlan Zhumanov,+77583761760,erlan.zhumanov99@example.com,seller
200,Rustem Amanzholov,+77593003241,rustem.amanzholov0@example.com,seller
201,Sara Iskakov,+77577207606,sara.iskakov1@example.com,seller
202,Kamila Rysbek,+77356563737,kamila.rysbek2@example.com,buyer
203,Nursultan Sadykova,+77459261608,nursultan.sadykova3@example.com,seller
204,Aigerim Nurpeis,+77862075155,aigerim.nurpeis4@example.com,buyer
205,Dias Iskakov,+77158722903,dias.iskakov5@example.com,seller
206,Dias Ualikhanova,+77774081780,dias.ualikhanova6@example.com,seller
207,Sara Zhaksybek,+77176775091,sara.zhaksybek7@example.com,seller
208,Sara Mukhtarov,+77035547424,sara.mukhtarov8@example.com,seller
209,Aidos Mukhtarov,+77926516552,aidos.mukhtarov9@example.com,seller
210,Dias Ibragimov,+77177085723,dias.ibragimov10@example.com,buyer
211,Dias Yermekova,+77516233458,dias.yermekova11@example.com,seller
212,Gulnara Amanzholov,+77695299064,gulnara.amanzholov12@example.com,seller
213,Madina Zhumanov,+77027746847,madina.zhumanov13@example.com,seller
214,Omir Ibragimov,+77406996530,omir.ibragimov14@example.com,seller
215,Erlan Saparov,+77808022221,erlan.saparov15@example.com,seller
216,Kamila Kassenov,+77091311474,kamila.kassenov16@example.com,seller
217,Marat Nurlybai,+77579834925,marat.nurlybai17@example.com,seller
218,Timur Amanov,+77560731775,timur.amanov18@example.com,seller
219,Diana Kassenov,+77885146609,diana.kassenov19@example.com,seller
220,Erlan Zhumanov,+77846441270,erlan.zhumanov20@example.com,seller
221,Sara Bekturov,+77503450047,sara.bekturov21@example.com,seller
222,Erlan Ualikhanova,+77501773279,erlan.ualikhanova22@example.com,seller
223,Madina Zhumanov,+77052455667,madina.zhumanov23@example.com,seller
224,Kamila Abilov,+77405762456,kamila.abilov24@example.com,seller
225,Sara Turarov,+77388121954,sara.turarov25@example.com,seller
226,Erlan Nurpeis,+77435062311,erlan.nurpeis26@example.com,seller
227,Laila Suleimen,+77253190231,laila.suleimen27@example.com,seller
228,Diana Rysbek,+77549414976,diana.rysbek28@example.com,seller
229,Sara Akhmetov,+77710091140,sara.akhmetov29@example.com,seller
230,Omir Saparov,+77882162888,omir.saparov30@example.com,seller
231,Laila Bekturov,+77783401703,laila.bekturov31@example.com,buyer
232,Salem Sadykova,+77671106793,salem.sadykova32@example.com,seller
233,Madina Ualikhanova,+77223248659,madina.ualikhanova33@example.com,seller
234,Zhanar Zhumanov,+77919150504,zhanar.zhumanov34@example.com,seller
235,Marat Akhmetov,+77844522875,marat.akhmetov35@example.com,seller
236,Marat Iskakov,+77198391447,marat.iskakov36@example.com,buyer
237,Dias Sadykova,+77287559535,dias.sadykova37@example.com,buyer
238,Arman Bekturov,+77271458160,arman.bekturov38@example.com,seller
239,Salem Iskakov,+77792965011,salem.iskakov39@example.com,seller
240,Kamila Rysbek,+77920138500,kamila.rysbek40@example.com,seller
241,Salem Amanov,+77535203625,salem.amanov41@example.com,seller
242,Erlan Yermekova,+77405968811,erlan.yermekova42@example.com,seller
243,Erlan Turarov,+77429183966,erlan.turarov43@example.com,seller
244,Rustem Nurpeis,+77722628024,rustem.nurpeis44@example.com,buyer
245,Diana Bekturov,+77664726382,diana.bekturov45@example.com,seller
246,Nursultan Iskakov,+77613558011,nursultan.iskakov46@example.com,seller
247,Zhanar Saparov,+77170287792,zhanar.saparov47@example.com,buyer
248,Rustem Ualikhanova,+77812263630,rustem.ualikhanova48@example.com,seller
249,Omir Iskakov,+77462663590,omir.iskakov49@example.com,seller
250,Arman Saparov,+77835687722,arman.saparov50@example.com,seller
251,Dias Zhaksybek,+77937853565,dias.zhaksybek51@example.com,buyer
252,Azamat Saparov,+77678210041,azamat.saparov52@example.com,seller
253,Nursultan Akhmetov,+77805620942,nursultan.akhmetov53@example.com,seller
254,Timur Sadykova,+77200348505,timur.sadykova54@example.com,seller
255,Rustem Akhmetov,+77364997824,rustem.akhmetov55@example.com,buyer
256,Timur Yermekova,+77929289220,timur.yermekova56@example.com,seller
257,Dias Amanov,+77405091795,dias.amanov57@example.com,seller
258,Zhanar Rysbek,+77926729585,zhanar.rysbek58@example.com,seller
259,Erlan Nurlybai,+77874801011,erlan.nurlybai59@example.com,seller
260,Rustem Suleimen,+77395536203,rustem.suleimen60@example.com,buyer
261,Salem Iskakov,+77557000250,salem.iskakov61@example.com,seller
262,Kamila Ibragimov,+77778993962,kamila.ibragimov62@example.com,seller
263,Gulnara Zhumanov,+77893088374,gulnara.zhumanov63@example.com,seller
264,Sara Sadykova,+77311058912,sara.sadykova64@example.com,seller
265,Timur Abilov,+77219730389,timur.abilov65@example.com,buyer
266,Aigerim Akhmetov,+77208659087,aigerim.akhmetov66@example.com,seller
267,Laila Ibragimov,+77948629694,laila.ibragimov67@example.com,seller
268,Azamat Abilov,+77866192895,azamat.abilov68@example.com,buyer
269,Arman Turarov,+77101549009,arman.turarov69@example.com,seller
270,Erlan Zhaksybek,+77774438142,erlan.zhaksybek70@example.com,buyer
271,Salem Sadykova,+77651177700,salem.sadykova71@example.com,seller
272,Rustem Nurlybai,+77098160064,rustem.nurlybai72@example.com,seller
273,Bek Yermekova,+77144640503,bek.yermekova73@example.com,seller
274,Sara Abilov,+77042102640,sara.abilov74@example.com,seller
275,Madina Turarov,+77090049667,madina.turarov75@example.com,seller
276,Sara Bekturov,+77102335967,sara.bekturov76@example.com,seller
277,Erlan Ualikhanova,+77836351832,erlan.ualikhanova77@example.com,buyer
278,Aidos Kassenov,+77224093733,aidos.kassenov78@example.com,buyer
279,Aidos Nurlybai,+77114617417,aidos.nurlybai79@example.com,seller
280,Zhanar Suleimen,+77590279296,zhanar.suleimen80@example.com,seller
281,Marat Iskakov,+77992488004,marat.iskakov81@example.com,buyer
282,Rustem Bekturov,+77358470811,rustem.bekturov82@example.com,seller
283,Bek Rysbek,+77783038200,bek.rysbek83@example.com,seller
284,Marat Suleimen,+77778224060,marat.suleimen84@example.com,seller
285,Aidos Zhumanov,+77730274097,aidos.zhumanov85@example.com,seller
286,Azamat Akhmetov,+77654706152,azamat.akhmetov86@example.com,seller
287,Diana Sadykova,+77081874897,diana.sadykova87@example.com,seller
288,Marat Turarov,+77868134885,marat.turarov88@example.com,seller
289,Erlan Nurlybai,+77307987994,erlan.nurlybai89@example.com,seller
290,Salem Saparov,+77242498240,salem.saparov90@example.com,seller
291,Azamat Iskakov,+77512547316,azamat.iskakov91@example.com,seller
292,Aidos Nurlybai,+77149565423,aidos.nurlybai92@example.com,seller
293,Aigerim Kassenov,+77875042053,aigerim.kassenov93@example.com,seller
294,Aigerim Zhumanov,+77646354547,aigerim.zhumanov94@example.com,seller
295,Dias Abilov,+77484571024,dias.abilov95@example.com,seller
296,Sara Ibragimov,+77449112898,sara.ibragimov96@example.com,seller
297,Dias Rysbek,+77039173177,dias.rysbek97@example.com,seller
298,Diana Iskakov,+77575638394,diana.iskakov98@example.com,seller
299,Madina Akhmetov,+77676970557,madina.akhmetov99@example.com,buyer
300,Sara Abilov,+77528684193,sara.abilov0@example.com,seller
301,Zhanar Ualikhanova,+77849041920,zhanar.ualikhanova1@example.com,seller
302,Erlan Suleimen,+77125104500,erlan.suleimen2@example.com,seller
303,Zhanar Mukhtarov,+77045267360,zhanar.mukhtarov3@example.com,buyer
304,Madina Iskakov,+77950194225,madina.iskakov4@example.com,buyer
305,Omir Bekturov,+77427167042,omir.bekturov5@example.com,seller
306,Aidos Bekturov,+77165347454,aidos.bekturov6@example.com,seller
307,Dias Ibragimov,+77800110851,dias.ibragimov7@example.com,seller
308,Arman Kassenov,+77824198469,arman.kassenov8@example.com,seller
309,Kamila Ibragimov,+77382032339,kamila.ibragimov9@example.com,seller
310,Zhanar Iskakov,+77590870883,zhanar.iskakov10@example.com,seller
311,Zhanar Nurlybai,+77116794851,zhanar.nurlybai11@example.com,seller
312,Bek Ualikhanova,+77819320828,bek.ualikhanova12@example.com,buyer
313,Marat Yermekova,+77563169142,marat.yermekova13@example.com,seller
314,Timur Sadykova,+77124369980,timur.sadykova14@example.com,buyer
315,Timur Amanzholov,+77005324697,timur.amanzholov15@example.com,seller
316,Aigerim Ibragimov,+77320447786,aigerim.ibragimov16@example.com,buyer
317,Bek Amanzholov,+77790980624,bek.amanzholov17@example.com,seller
318,Zhanar Sadykova,+77227591123,zhanar.sadykova18@example.com,seller
319,Omir Zhumanov,+77777235902,omir.zhumanov19@example.com,seller
320,Madina Suleimen,+77716213440,madina.suleimen20@example.com,seller
321,Gulnara Mukhtarov,+77650346154,gulnara.mukhtarov21@example.com,seller
322,Erlan Akhmetov,+77606086216,erlan.akhmetov22@example.com,buyer
323,Timur Saparov,+77616421753,timur.saparov23@example.com,seller
324,Aidos Zhaksybek,+77274066171,aidos.zhaksybek24@example.com,seller
325,Azamat Zhumanov,+77758235280,azamat.zhumanov25@example.com,seller
326,Marat Nurlybai,+77867658619,marat.nurlybai26@example.com,seller
327,Timur Amanzholov,+77689073086,timur.amanzholov27@example.com,seller
328,Dias Iskakov,+77317341731,dias.iskakov28@example.com,seller
329,Salem Akhmetov,+77621996718,salem.akhmetov29@example.com,seller
330,Laila Abilov,+77157766879,laila.abilov30@example.com,seller
331,Laila Suleimen,+77316117648,laila.suleimen31@example.com,seller
332,Erlan Saparov,+77611476141,erlan.saparov32@example.com,seller
333,Nursultan Yermekova,+77116345156,nursultan.yermekova33@example.com,seller
334,Rustem Saparov,+77838085684,rustem.saparov34@example.com,buyer
335,Zhanar Bekturov,+77605499264,zhanar.bekturov35@example.com,seller
336,Zhanar Zhumanov,+77751273091,zhanar.zhumanov36@example.com,seller
337,Salem Amanov,+77166430856,salem.amanov37@example.com,seller
338,Arman Zhaksybek,+77820115002,arman.zhaksybek38@example.com,seller
339,Aidos Zhaksybek,+77186739407,aidos.zhaksybek39@example.com,buyer
340,Timur Amanzholov,+77777819947,timur.amanzholov40@example.com,seller
341,Erlan Zhumanov,+77236649855,erlan.zhumanov41@example.com,seller
342,Marat Akhmetov,+77698135755,marat.akhmetov42@example.com,seller
343,Erlan Nurpeis,+77705726665,erlan.nurpeis43@example.com,buyer
344,Timur Mukhtarov,+77963415707,timur.mukhtarov44@example.com,seller
345,Zhanar Suleimen,+77152961256,zhanar.suleimen45@example.com,seller
346,Sara Mukhtarov,+77589755049,sara.mukhtarov46@example.com,seller
347,Azamat Nurlybai,+77819378040,azamat.nurlybai47@example.com,seller
348,Salem Nurpeis,+77466160259,salem.nurpeis48@example.com,seller
349,Dias Amanzholov,+77410635261,dias.amanzholov49@example.com,seller
350,Omir Ualikhanova,+77676836206,omir.ualikhanova50@example.com,buyer
351,Aigerim Mukhtarov,+77603221779,aigerim.mukhtarov51@example.com,seller
352,Zhanar Suleimen,+77721566976,zhanar.suleimen52@example.com,buyer
353,Aigerim Iskakov,+77336827097,aigerim.iskakov53@example.com,seller
354,Arman Rysbek,+77905494901,arman.rysbek54@example.com,seller
355,Kamila Bekturov,+77581396928,kamila.bekturov55@example.com,seller
356,Rustem Nurlybai,+77855002961,rustem.nurlybai56@example.com,seller
357,Erlan Rysbek,+77672206706,erlan.rysbek57@example.com,seller
358,Aidos Kassenov,+77513696693,aidos.kassenov58@example.com,seller
359,Aidos Mukhtarov,+77716954954,aidos.mukhtarov59@example.com,seller
360,Marat Bekturov,+77974247855,marat.bekturov60@example.com,seller
361,Dias Sadykova,+77125395804,dias.sadykova61@example.com,seller
362,Erlan Yermekova,+77080591562,erlan.yermekova62@example.com,seller
363,Aigerim Zhumanov,+77359532761,aigerim.zhumanov63@example.com,seller
364,Madina Turarov,+77402858736,madina.turarov64@example.com,seller
365,Marat Rysbek,+77086011482,marat.rysbek65@example.com,seller
366,Marat Turarov,+77921095266,marat.turarov66@example.com,seller
367,Madina Zhaksybek,+77437862298,madina.zhaksybek67@example.com,seller
368,Erlan Yermekova,+77936131773,erlan.yermekova68@example.com,seller
369,Zhanar Nurpeis,+77054008326,zhanar.nurpeis69@example.com,seller
370,Rustem Rysbek,+77290040763,rustem.rysbek70@example.com,seller
371,Bek Zhaksybek,+77475340078,bek.zhaksybek71@example.com,seller
372,Azamat Kassenov,+77062472440,azamat.kassenov72@example.com,seller
373,Diana Bekturov,+77819228886,diana.bekturov73@example.com,seller
374,Diana Zhumanov,+77147309981,diana.zhumanov74@example.com,seller
375,Aidos Amanzholov,+77857562163,aidos.amanzholov75@example.com,buyer
376,Bek Amanov,+77990879984,bek.amanov76@example.com,seller
377,Madina Kassenov,+77607116575,madina.kassenov77@example.com,buyer
378,Kamila Mukhtarov,+77426574971,kamila.mukhtarov78@example.com,seller
379,Dias Yermekova,+77213072521,dias.yermekova79@example.com,buyer
380,Gulnara Abilov,+77095763645,gulnara.abilov80@example.com,buyer
381,Sara Akhmetov,+77767638331,sara.akhmetov81@example.com,seller
382,Aigerim Akhmetov,+77983353572,aigerim.akhmetov82@example.com,seller
383,Arman Zhaksybek,+77584851504,arman.zhaksybek83@example.com,seller
384,Gulnara Mukhtarov,+77220027996,gulnara.mukhtarov84@example.com,buyer
385,Arman Turarov,+77647388120,arman.turarov85@example.com,seller
386,Aidos Bekturov,+77120924833,aidos.bekturov86@example.com,seller
387,Zhanar Abilov,+77886016715,zhanar.abilov87@example.com,seller
388,Diana Zhaksybek,+77532305451,diana.zhaksybek88@example.com,seller
389,Azamat Suleimen,+77204426702,azamat.suleimen89@example.com,seller
390,Gulnara Turarov,+77957134047,gulnara.turarov90@example.com,seller
391,Timur Rysbek,+77636251119,timur.rysbek91@example.com,buyer
392,Nursultan Nurlybai,+77346842944,nursultan.nurlybai92@example.com,seller
393,Diana Bekturov,+77315697820,diana.bekturov93@example.com,seller
394,Arman Ualikhanova,+77295699678,arman.ualikhanova94@example.com,seller
395,Madina Abilov,+77485050672,madina.abilov95@example.com,buyer
396,Kamila Suleimen,+77427735336,kamila.suleimen96@example.com,seller
397,Salem Suleimen,+77996093059,salem.suleimen97@example.com,seller
398,Gulnara Amanov,+77716482528,gulnara.amanov98@example.com,seller
399,Nursultan Turarov,+77015046900,nursultan.turarov99@example.com,seller
400,Dias Amanov,+77960211055,dias.amanov0@example.com,seller
401,Arman Yermekova,+77280352234,arman.yermekova1@example.com,seller
402,Nursultan Nurlybai,+77586397334,nursultan.nurlybai2@example.com,seller
403,Bek Zhumanov,+77470224835,bek.zhumanov3@example.com,seller
404,Zhanar Abilov,+77939237676,zhanar.abilov4@example.com,seller
405,Arman Iskakov,+77190284883,arman.iskakov5@example.com,seller
406,Zhanar Mukhtarov,+77363430765,zhanar.mukhtarov6@example.com,seller
407,Laila Zhaksybek,+77793264863,laila.zhaksybek7@example.com,seller
408,Bek Nurlybai,+77584758032,bek.nurlybai8@example.com,seller
409,Azamat Suleimen,+77487021077,azamat.suleimen9@example.com,seller
410,Madina Bekturov,+77924388667,madina.bekturov10@example.com,seller
411,Rustem Bekturov,+77556496091,rustem.bekturov11@example.com,buyer
412,Aidos Akhmetov,+77820914314,aidos.akhmetov12@example.com,seller
413,Azamat Amanzholov,+77154220978,azamat.amanzholov13@example.com,seller
414,Nursultan Kassenov,+77240419612,nursultan.kassenov14@example.com,seller
415,Sara Kassenov,+77092544868,sara.kassenov15@example.com,seller
416,Omir Mukhtarov,+77834605104,omir.mukhtarov16@example.com,seller
417,Salem Zhaksybek,+77112636500,salem.zhaksybek17@example.com,seller
418,Azamat Nurlybai,+77161426901,azamat.nurlybai18@example.com,buyer
419,Erlan Kassenov,+77078118235,erlan.kassenov19@example.com,buyer
420,Sara Nurlybai,+77427274555,sara.nurlybai20@example.com,seller
421,Marat Sadykova,+77598639425,marat.sadykova21@example.com,seller
422,Rustem Ualikhanova,+77669410380,rustem.ualikhanova22@example.com,seller
423,Salem Mukhtarov,+77170013020,salem.mukhtarov23@example.com,seller
424,Madina Ibragimov,+77857259474,madina.ibragimov24@example.com,seller
425,Marat Abilov,+77711153787,marat.abilov25@example.com,seller
426,Marat Rysbek,+77544774970,marat.rysbek26@example.com,seller
427,Diana Saparov,+77947567676,diana.saparov27@example.com,seller
428,Marat Iskakov,+77594359978,marat.iskakov28@example.com,seller
429,Dias Saparov,+77372351517,dias.saparov29@example.com,seller
430,Salem Iskakov,+77491650757,salem.iskakov30@example.com,seller
431,Gulnara Turarov,+77383259116,gulnara.turarov31@example.com,seller
432,Rustem Amanzholov,+77431271977,rustem.amanzholov32@example.com,seller
433,Azamat Amanov,+77210441319,azamat.amanov33@example.com,seller
434,Aidos Zhumanov,+77485338192,aidos.zhumanov34@example.com,seller
435,Azamat Turarov,+77659303485,azamat.turarov35@example.com,seller
436,Gulnara Amanov,+77655446288,gulnara.amanov36@example.com,seller
437,Azamat Amanzholov,+77160972239,azamat.amanzholov37@example.com,seller
438,Erlan Amanov,+77771526168,erlan.amanov38@example.com,buyer
439,Diana Ibragimov,+77554176259,diana.ibragimov39@example.com,seller
440,Bek Sadykova,+77848822987,bek.sadykova40@example.com,seller
441,Erlan Mukhtarov,+77427986678,erlan.mukhtarov41@example.com,seller
442,Rustem Akhmetov,+77055697152,rustem.akhmetov42@example.com,seller
443,Aidos Akhmetov,+77811284047,aidos.akhmetov43@example.com,seller
444,Azamat Zhumanov,+77356350140,azamat.zhumanov44@example.com,seller
445,Laila Sadykova,+77032893156,laila.sadykova45@example.com,seller
446,Nursultan Rysbek,+77966117198,nursultan.rysbek46@example.com,seller
447,Sara Akhmetov,+77288109029,sara.akhmetov47@example.com,seller
448,Nursultan Iskakov,+77422166686,nursultan.iskakov48@example.com,seller
449,Laila Bekturov,+77210568556,laila.bekturov49@example.com,buyer
450,Omir Zhumanov,+77315856063,omir.zhumanov50@example.com,seller
451,Rustem Nurpeis,+77733930010,rustem.nurpeis51@example.com,seller
452,Azamat Abilov,+77930174090,azamat.abilov52@example.com,seller
453,Salem Nurlybai,+77110705588,salem.nurlybai53@example.com,seller
454,Azamat Kassenov,+77279954996,azamat.kassenov54@example.com,seller
455,Sara Kassenov,+77572347608,sara.kassenov55@example.com,seller
456,Bek Kassenov,+77981350469,bek.kassenov56@example.com,seller
457,Azamat Kassenov,+77617877949,azamat.kassenov57@example.com,buyer
458,Azamat Nurlybai,+77237997155,azamat.nurlybai58@example.com,buyer
459,Sara Iskakov,+77652767992,sara.iskakov59@example.com,seller
460,Arman Abilov,+77923901361,arman.abilov60@example.com,buyer
461,Salem Bekturov,+77396459225,salem.bekturov61@example.com,seller
462,Aidos Amanov,+77557202202,aidos.amanov62@example.com,seller
463,Azamat Amanzholov,+77348296458,azamat.amanzholov63@example.com,seller
464,Marat Ibragimov,+77811735830,marat.ibragimov64@example.com,seller
465,Timur Rysbek,+77240740126,timur.rysbek65@example.com,seller
466,Aigerim Saparov,+77674447039,aigerim.saparov66@example.com,seller
467,Erlan Nurlybai,+77080004114,erlan.nurlybai67@example.com,seller
468,Bek Zhumanov,+77519958500,bek.zhumanov68@example.com,seller
469,Madina Yermekova,+77560002094,madina.yermekova69@example.com,seller
470,Laila Abilov,+77288980197,laila.abilov70@example.com,seller
471,Dias Akhmetov,+77225685354,dias.akhmetov71@example.com,seller
472,Timur Turarov,+77349230222,timur.turarov72@example.com,seller
473,Gulnara Suleimen,+77350864287,gulnara.suleimen73@example.com,seller
474,Aigerim Suleimen,+77232568040,aigerim.suleimen74@example.com,seller
475,Omir Zhumanov,+77951441437,omir.zhumanov75@example.com,seller
476,Zhanar Amanov,+77781514034,zhanar.amanov76@example.com,buyer
477,Rustem Ualikhanova,+77480313557,rustem.ualikhanova77@example.com,seller
478,Madina Mukhtarov,+77666547575,madina.mukhtarov78@example.com,seller
479,Diana Suleimen,+77304383047,diana.suleimen79@example.com,buyer
480,Madina Akhmetov,+77190401000,madina.akhmetov80@example.com,seller
481,Azamat Zhumanov,+77568237183,azamat.zhumanov81@example.com,seller
482,Laila Iskakov,+77507759313,laila.iskakov82@example.com,buyer
483,Marat Nurpeis,+77813643760,marat.nurpeis83@example.com,seller
484,Aidos Rysbek,+77387606407,aidos.rysbek84@example.com,seller
485,Rustem Iskakov,+77565629037,rustem.iskakov85@example.com,seller
486,Azamat Kassenov,+77955829136,azamat.kassenov86@example.com,seller
487,Sara Amanzholov,+77868762236,sara.amanzholov87@example.com,seller
488,Zhanar Sadykova,+77348381081,zhanar.sadykova88@example.com,seller
489,Gulnara Amanzholov,+77474810235,gulnara.amanzholov89@example.com,seller
490,Timur Kassenov,+77148411584,timur.kassenov90@example.com,seller
491,Sara Iskakov,+77362157365,sara.iskakov91@example.com,seller
492,Salem Ibragimov,+77786932286,salem.ibragimov92@example.com,seller
493,Omir Ibragimov,+77845687419,omir.ibragimov93@example.com,seller
494,Nursultan Iskakov,+77138401931,nursultan.iskakov94@example.com,seller
495,Marat Suleimen,+77089096814,marat.suleimen95@example.com,seller
496,Sara Mukhtarov,+77146163398,sara.mukhtarov96@example.com,buyer
497,Madina Sadykova,+77167442665,madina.sadykova97@example.com,seller
498,Omir Abilov,+77629568465,omir.abilov98@example.com,seller
499,Dias Abilov,+77140797507,dias.abilov99@example.com,buyer
500,Sara Ibragimov,+77074348652,sara.ibragimov0@example.com,seller
501,Aidos Ibragimov,+77364996815,aidos.ibragimov1@example.com,seller
502,Madina Iskakov,+77219141328,madina.iskakov2@example.com,seller
503,Salem Kassenov,+77732286490,salem.kassenov3@example.com,seller
504,Timur Saparov,+77305332410,timur.saparov4@example.com,seller
505,Azamat Nurlybai,+77665679412,azamat.nurlybai5@example.com,seller
506,Diana Amanov,+77913047813,diana.amanov6@example.com,seller
507,Zhanar Zhaksybek,+77965152986,zhanar.zhaksybek7@example.com,seller
508,Timur Ualikhanova,+77160744181,timur.ualikhanova8@example.com,seller
509,Diana Akhmetov,+77908346125,diana.akhmetov9@example.com,buyer
510,Omir Saparov,+77224573973,omir.saparov10@example.com,seller
511,Erlan Yermekova,+77864775301,erlan.yermekova11@example.com,buyer
512,Salem Suleimen,+77791397304,salem.suleimen12@example.com,buyer
513,Aigerim Turarov,+77135608676,aigerim.turarov13@example.com,seller
514,Marat Nurpeis,+77943458306,marat.nurpeis14@example.com,buyer
515,Timur Zhumanov,+77099432884,timur.zhumanov15@example.com,buyer
516,Azamat Mukhtarov,+77950779202,azamat.mukhtarov16@example.com,seller
517,Erlan Abilov,+77445997993,erlan.abilov17@example.com,seller
518,Bek Kassenov,+77218997197,bek.kassenov18@example.com,seller
519,Omir Mukhtarov,+77571781603,omir.mukhtarov19@example.com,seller
520,Bek Bekturov,+77556929800,bek.bekturov20@example.com,seller
521,Gulnara Kassenov,+77844952083,gulnara.kassenov21@example.com,seller
522,Omir Amanov,+77498496915,omir.amanov22@example.com,seller
523,Kamila Akhmetov,+77603487252,kamila.akhmetov23@example.com,seller
524,Bek Nurpeis,+77406851093,bek.nurpeis24@example.com,buyer
525,Laila Sadykova,+77349432358,laila.sadykova25@example.com,buyer
526,Marat Turarov,+77548604942,marat.turarov26@example.com,seller
527,Azamat Amanzholov,+77258867282,azamat.amanzholov27@example.com,seller
528,Azamat Sadykova,+77589885924,azamat.sadykova28@example.com,seller
529,Gulnara Suleimen,+77693014773,gulnara.suleimen29@example.com,seller
530,Nursultan Turarov,+77490879043,nursultan.turarov30@example.com,seller
531,Aigerim Zhaksybek,+77845262073,aigerim.zhaksybek31@example.com,seller
532,Laila Nurlybai,+77199875360,laila.nurlybai32@example.com,seller
533,Sara Kassenov,+77185267560,sara.kassenov33@example.com,seller
534,Laila Nurlybai,+77976720158,laila.nurlybai34@example.com,seller
535,Zhanar Kassenov,+77108243963,zhanar.kassenov35@example.com,seller
536,Sara Nurlybai,+77080920264,sara.nurlybai36@example.com,seller
537,Rustem Amanzholov,+77591265526,rustem.amanzholov37@example.com,buyer
538,Rustem Kassenov,+77349076166,rustem.kassenov38@example.com,seller
539,Rustem Nurlybai,+77918799777,rustem.nurlybai39@example.com,buyer
540,Sara Amanzholov,+77330778431,sara.amanzholov40@example.com,seller
541,Zhanar Suleimen,+77525170584,zhanar.suleimen41@example.com,seller
542,Bek Abilov,+77173475542,bek.abilov42@example.com,seller
543,Timur Abilov,+77021002727,timur.abilov43@example.com,seller
544,Kamila Rysbek,+77620202856,kamila.rysbek44@example.com,seller
545,Marat Suleimen,+77193767948,marat.suleimen45@example.com,seller
546,Marat Nurlybai,+77471153623,marat.nurlybai46@example.com,seller
547,Nursultan Nurlybai,+77187186021,nursultan.nurlybai47@example.com,seller
548,Dias Kassenov,+77059525591,dias.kassenov48@example.com,seller
549,Rustem Zhumanov,+77503059869,rustem.zhumanov49@example.com,seller
550,Arman Yermekova,+77526485141,arman.yermekova50@example.com,seller
551,Diana Nurlybai,+77599483213,diana.nurlybai51@example.com,seller
552,Diana Nurpeis,+77030148921,diana.nurpeis52@example.com,seller
553,Diana Akhmetov,+77426416897,diana.akhmetov53@example.com,seller
554,Salem Yermekova,+77186043308,salem.yermekova54@example.com,buyer
555,Madina Rysbek,+77817114055,madina.rysbek55@example.com,seller
556,Marat Zhaksybek,+77556868272,marat.zhaksybek56@example.com,seller
557,Omir Yermekova,+77744446263,omir.yermekova57@example.com,seller
558,Erlan Akhmetov,+77198273092,erlan.akhmetov58@example.com,buyer
559,Salem Bekturov,+77992462336,salem.bekturov59@example.com,seller
560,Madina Yermekova,+77018615485,madina.yermekova60@example.com,seller
561,Timur Abilov,+77990574786,timur.abilov61@example.com,seller
562,Dias Nurlybai,+77918248569,dias.nurlybai62@example.com,seller
563,Arman Zhaksybek,+77071305518,arman.zhaksybek63@example.com,seller
564,Nursultan Yermekova,+77936309975,nursultan.yermekova64@example.com,seller
565,Aidos Nurpeis,+77690321150,aidos.nurpeis65@example.com,seller
566,Laila Akhmetov,+77712973558,laila.akhmetov66@example.com,seller
567,Dias Saparov,+77213502280,dias.saparov67@example.com,seller
568,Kamila Iskakov,+77207072487,kamila.iskakov68@example.com,seller
569,Marat Yermekova,+77978881511,marat.yermekova69@example.com,buyer
570,Laila Ualikhanova,+77504762395,laila.ualikhanova70@example.com,buyer
571,Aigerim Nurlybai,+77536726216,aigerim.nurlybai71@example.com,seller
572,Marat Suleimen,+77155890191,marat.suleimen72@example.com,seller
573,Madina Nurpeis,+77785716415,madina.nurpeis73@example.com,seller
574,Arman Yermekova,+77169011848,arman.yermekova74@example.com,buyer
575,Gulnara Ualikhanova,+77500957267,gulnara.ualikhanova75@example.com,seller
576,Madina Suleimen,+77650512858,madina.suleimen76@example.com,seller
577,Arman Suleimen,+77410794353,arman.suleimen77@example.com,seller
578,Arman Nurpeis,+77980632604,arman.nurpeis78@example.com,buyer
579,Madina Suleimen,+77663044120,madina.suleimen79@example.com,buyer
580,Gulnara Nurpeis,+77776314648,gulnara.nurpeis80@example.com,seller
581,Erlan Zhaksybek,+77267011518,erlan.zhaksybek81@example.com,seller
582,Marat Yermekova,+77039753175,marat.yermekova82@example.com,seller
583,Laila Yermekova,+77463264358,laila.yermekova83@example.com,seller
584,Sara Yermekova,+77575685030,sara.yermekova84@example.com,buyer
585,Nursultan Zhaksybek,+77698604907,nursultan.zhaksybek85@example.com,seller
586,Erlan Suleimen,+77160665891,erlan.suleimen86@example.com,seller
587,Nursultan Suleimen,+77096744637,nursultan.suleimen87@example.com,seller
588,Aidos Amanzholov,+77733410460,aidos.amanzholov88@example.com,seller
589,Erlan Nurpeis,+77989913712,erlan.nurpeis89@example.com,seller
590,Aidos Nurlybai,+77713956153,aidos.nurlybai90@example.com,seller
591,Diana Nurpeis,+77640297226,diana.nurpeis91@example.com,seller
592,Azamat Nurpeis,+77018376979,azamat.nurpeis92@example.com,buyer
593,Omir Akhmetov,+77774784405,omir.akhmetov93@example.com,seller
594,Dias Mukhtarov,+77864751031,dias.mukhtarov94@example.com,buyer
595,Laila Zhumanov,+77370697319,laila.zhumanov95@example.com,buyer
596,Laila Amanov,+77884219571,laila.amanov96@example.com,seller
597,Arman Abilov,+77487193534,arman.abilov97@example.com,seller
598,Diana Rysbek,+77204823163,diana.rysbek98@example.com,seller
599,Omir Amanzholov,+77350725895,omir.amanzholov99@example.com,seller
600,Azamat Saparov,+77818805585,azamat.saparov0@example.com,buyer
601,Aigerim Mukhtarov,+77278482739,aigerim.mukhtarov1@example.com,seller
602,Diana Mukhtarov,+77151232051,diana.mukhtarov2@example.com,seller
603,Madina Ualikhanova,+77132191422,madina.ualikhanova3@example.com,seller
604,Marat Kassenov,+77514655733,marat.kassenov4@example.com,buyer
605,Salem Amanov,+77298425899,salem.amanov5@example.com,seller
606,Nursultan Zhumanov,+77665102292,nursultan.zhumanov6@example.com,seller
607,Gulnara Turarov,+77463020978,gulnara.turarov7@example.com,seller
608,Laila Mukhtarov,+77442747932,laila.mukhtarov8@example.com,buyer
609,Diana Nurpeis,+77923429673,diana.nurpeis9@example.com,seller
610,Erlan Suleimen,+77367638808,erlan.suleimen10@example.com,seller
611,Kamila Kassenov,+77888808735,kamila.kassenov11@example.com,buyer
612,Rustem Saparov,+77034770964,rustem.saparov12@example.com,buyer
613,Madina Suleimen,+77018103437,madina.suleimen13@example.com,seller
614,Azamat Amanov,+77606050251,azamat.amanov14@example.com,seller
615,Omir Ualikhanova,+77958897115,omir.ualikhanova15@example.com,seller
616,Marat Turarov,+77398237964,marat.turarov16@example.com,seller
617,Laila Akhmetov,+77399399531,laila.akhmetov17@example.com,seller
618,Zhanar Kassenov,+77264245218,zhanar.kassenov18@example.com,seller
619,Bek Suleimen,+77146951403,bek.suleimen19@example.com,seller
620,Gulnara Ualikhanova,+77002933494,gulnara.ualikhanova20@example.com,seller
621,Madina Amanzholov,+77063778626,madina.amanzholov21@example.com,seller
622,Erlan Suleimen,+77041586445,erlan.suleimen22@example.com,seller
623,Aidos Ualikhanova,+77594684773,aidos.ualikhanova23@example.com,buyer
624,Arman Zhaksybek,+77428034660,arman.zhaksybek24@example.com,seller
625,Dias Amanov,+77173811268,dias.amanov25@example.com,seller
626,Erlan Sadykova,+77584515664,erlan.sadykova26@example.com,seller
627,Erlan Suleimen,+77872239317,erlan.suleimen27@example.com,seller
628,Gulnara Suleimen,+77159055675,gulnara.suleimen28@example.com,buyer
629,Arman Ibragimov,+77756240418,arman.ibragimov29@example.com,seller
630,Gulnara Turarov,+77209901229,gulnara.turarov30@example.com,seller
631,Zhanar Zhaksybek,+77109163516,zhanar.zhaksybek31@example.com,seller
632,Madina Zhaksybek,+77765171242,madina.zhaksybek32@example.com,seller
633,Sara Turarov,+77051323124,sara.turarov33@example.com,seller
634,Omir Iskakov,+77295867188,omir.iskakov34@example.com,seller
635,Timur Yermekova,+77860095812,timur.yermekova35@example.com,seller
636,Nursultan Suleimen,+77755983760,nursultan.suleimen36@example.com,buyer
637,Aidos Mukhtarov,+77606805016,aidos.mukhtarov37@example.com,seller
638,Nursultan Akhmetov,+77570899603,nursultan.akhmetov38@example.com,seller
639,Gulnara Ualikhanova,+77755278334,gulnara.ualikhanova39@example.com,seller
640,Marat Rysbek,+77532762930,marat.rysbek40@example.com,seller
641,Aigerim Suleimen,+77602646047,aigerim.suleimen41@example.com,seller
642,Sara Yermekova,+77720535276,sara.yermekova42@example.com,seller
643,Marat Bekturov,+77168131288,marat.bekturov43@example.com,seller
644,Kamila Ualikhanova,+77955239920,kamila.ualikhanova44@example.com,seller
645,Zhanar Nurpeis,+77084754106,zhanar.nurpeis45@example.com,seller
646,Laila Turarov,+77563302051,laila.turarov46@example.com,seller
647,Diana Amanov,+77020380266,diana.amanov47@example.com,buyer
648,Madina Rysbek,+77432701137,madina.rysbek48@example.com,seller
649,Zhanar Suleimen,+77333505590,zhanar.suleimen49@example.com,seller
650,Laila Mukhtarov,+77810778211,laila.mukhtarov50@example.com,seller
651,Arman Sadykova,+77479888913,arman.sadykova51@example.com,seller
652,Gulnara Suleimen,+77981324217,gulnara.suleimen52@example.com,seller
653,Madina Mukhtarov,+77804256965,madina.mukhtarov53@example.com,seller
654,Laila Abilov,+77583984539,laila.abilov54@example.com,seller
655,Laila Rysbek,+77616509119,laila.rysbek55@example.com,seller
656,Sara Abilov,+77716947812,sara.abilov56@example.com,seller
657,Sara Kassenov,+77045415982,sara.kassenov57@example.com,seller
658,Marat Zhumanov,+77538842340,marat.zhumanov58@example.com,seller
659,Laila Saparov,+77694264349,laila.saparov59@example.com,seller
660,Azamat Zhumanov,+77568211193,azamat.zhumanov60@example.com,seller
661,Rustem Turarov,+77213313615,rustem.turarov61@example.com,seller
662,Laila Zhaksybek,+77735680345,laila.zhaksybek62@example.com,seller
663,Zhanar Bekturov,+77647452339,zhanar.bekturov63@example.com,seller
664,Arman Ualikhanova,+77975038915,arman.ualikhanova64@example.com,seller
665,Arman Nurpeis,+77232232732,arman.nurpeis65@example.com,seller
666,Timur Sadykova,+77520787752,timur.sadykova66@example.com,seller
667,Laila Rysbek,+77266547610,laila.rysbek67@example.com,seller
668,Nursultan Ibragimov,+77469111042,nursultan.ibragimov68@example.com,buyer
669,Aigerim Iskakov,+77719118723,aigerim.iskakov69@example.com,seller
670,Laila Nurlybai,+77979219943,laila.nurlybai70@example.com,buyer
671,Marat Zhaksybek,+77866524048,marat.zhaksybek71@example.com,seller
672,Dias Rysbek,+77177320652,dias.rysbek72@example.com,seller
673,Diana Mukhtarov,+77230148238,diana.mukhtarov73@example.com,seller
674,Madina Iskakov,+77494717731,madina.iskakov74@example.com,seller
675,Arman Turarov,+77441030781,arman.turarov75@example.com,seller
676,Nursultan Mukhtarov,+77677342791,nursultan.mukhtarov76@example.com,seller
677,Arman Amanzholov,+77858119260,arman.amanzholov77@example.com,seller
678,Rustem Akhmetov,+77734811088,rustem.akhmetov78@example.com,seller
679,Diana Suleimen,+77089658290,diana.suleimen79@example.com,seller
680,Aidos Amanzholov,+77540789555,aidos.amanzholov80@example.com,seller
681,Erlan Mukhtarov,+77875441966,erlan.mukhtarov81@example.com,seller
682,Salem Bekturov,+77960100840,salem.bekturov82@example.com,seller
683,Timur Amanzholov,+77148434765,timur.amanzholov83@example.com,seller
684,Arman Zhaksybek,+77945083210,arman.zhaksybek84@example.com,seller
685,Erlan Iskakov,+77791826149,erlan.iskakov85@example.com,seller
686,Laila Zhaksybek,+77544223887,laila.zhaksybek86@example.com,seller
687,Gulnara Mukhtarov,+77578853959,gulnara.mukhtarov87@example.com,seller
688,Madina Mukhtarov,+77278636734,madina.mukhtarov88@example.com,seller
689,Zhanar Amanov,+77343810137,zhanar.amanov89@example.com,seller
690,Dias Kassenov,+77904218143,dias.kassenov90@example.com,buyer
691,Azamat Nurlybai,+77091405534,azamat.nurlybai91@example.com,seller
692,Marat Bekturov,+77098251357,marat.bekturov92@example.com,seller
693,Nursultan Iskakov,+77956693175,nursultan.iskakov93@example.com,seller
694,Laila Rysbek,+77849827238,laila.rysbek94@example.com,buyer
695,Marat Ualikhanova,+77600961387,marat.ualikhanova95@example.com,seller
696,Gulnara Bekturov,+77621262718,gulnara.bekturov96@example.com,seller
697,Madina Rysbek,+77046315523,madina.rysbek97@example.com,seller
698,Rustem Suleimen,+77277724867,rustem.suleimen98@example.com,seller
699,Laila Ualikhanova,+77120788439,laila.ualikhanova99@example.com,seller
700,Zhanar Sadykova,+77530810146,zhanar.sadykova0@example.com,buyer
701,Nursultan Amanov,+77305068805,nursultan.amanov1@example.com,seller
702,Sara Bekturov,+77380150328,sara.bekturov2@example.com,seller
703,Gulnara Nurlybai,+77856700137,gulnara.nurlybai3@example.com,seller
704,Nursultan Saparov,+77687193294,nursultan.saparov4@example.com,seller
705,Marat Ualikhanova,+77753778605,marat.ualikhanova5@example.com,seller
706,Marat Bekturov,+77412027676,marat.bekturov6@example.com,seller
707,Kamila Zhumanov,+77460966221,kamila.zhumanov7@example.com,seller
708,Kamila Zhaksybek,+77549434359,kamila.zhaksybek8@example.com,seller
709,Diana Turarov,+77476683849,diana.turarov9@example.com,seller
710,Diana Amanzholov,+77362943972,diana.amanzholov10@example.com,seller
711,Azamat Nurpeis,+77171591719,azamat.nurpeis11@example.com,seller
712,Laila Abilov,+77886395143,laila.abilov12@example.com,seller
713,Kamila Amanzholov,+77587027434,kamila.amanzholov13@example.com,seller
714,Aidos Iskakov,+77616188585,aidos.iskakov14@example.com,buyer
715,Kamila Amanzholov,+77429636900,kamila.amanzholov15@example.com,seller
716,Marat Sadykova,+77945251728,marat.sadykova16@example.com,seller
717,Diana Rysbek,+77424330442,diana.rysbek17@example.com,seller
718,Diana Iskakov,+77478002282,diana.iskakov18@example.com,seller
719,Zhanar Mukhtarov,+77669197840,zhanar.mukhtarov19@example.com,buyer
720,Dias Saparov,+77079299111,dias.saparov20@example.com,seller
721,Arman Nurlybai,+77962136805,arman.nurlybai21@example.com,seller
722,Omir Zhumanov,+77687298924,omir.zhumanov22@example.com,buyer
723,Aigerim Ualikhanova,+77115921670,aigerim.ualikhanova23@example.com,seller
724,Aigerim Amanov,+77772787506,aigerim.amanov24@example.com,seller
725,Aidos Ibragimov,+77200339143,aidos.ibragimov25@example.com,seller
726,Madina Rysbek,+77344904727,madina.rysbek26@example.com,buyer
727,Azamat Ibragimov,+77837259691,azamat.ibragimov27@example.com,seller
728,Nursultan Akhmetov,+77973270814,nursultan.akhmetov28@example.com,seller
729,Timur Amanov,+77155310912,timur.amanov29@example.com,seller
730,Arman Zhumanov,+77104541057,arman.zhumanov30@example.com,seller
731,Sara Sadykova,+77937421611,sara.sadykova31@example.com,seller
732,Timur Rysbek,+77030338531,timur.rysbek32@example.com,seller
733,Azamat Turarov,+77504708275,azamat.turarov33@example.com,seller
734,Dias Iskakov,+77136126068,dias.iskakov34@example.com,seller
735,Marat Amanzholov,+77615505939,marat.amanzholov35@example.com,buyer
736,Salem Amanzholov,+77974477732,salem.amanzholov36@example.com,seller
737,Azamat Zhaksybek,+77894779063,azamat.zhaksybek37@example.com,seller
738,Arman Rysbek,+77085490742,arman.rysbek38@example.com,seller
739,Kamila Ualikhanova,+77555094022,kamila.ualikhanova39@example.com,seller
740,Rustem Ibragimov,+77668455304,rustem.ibragimov40@example.com,seller
741,Azamat Bekturov,+77284569985,azamat.bekturov41@example.com,seller
742,Marat Amanzholov,+77662935351,marat.amanzholov42@example.com,buyer
743,Laila Bekturov,+77747838944,laila.bekturov43@example.com,seller
744,Timur Iskakov,+77409270031,timur.iskakov44@example.com,seller
745,Dias Ibragimov,+77365378226,dias.ibragimov45@example.com,seller
746,Sara Sadykova,+77118805217,sara.sadykova46@example.com,seller
747,Marat Nurpeis,+77775651322,marat.nurpeis47@example.com,seller
748,Madina Amanov,+77387960179,madina.amanov48@example.com,buyer
749,Azamat Sadykova,+77377163672,azamat.sadykova49@example.com,seller
750,Dias Amanov,+77084402899,dias.amanov50@example.com,seller
751,Madina Abilov,+77893915858,madina.abilov51@example.com,seller
752,Aigerim Ualikhanova,+77337571555,aigerim.ualikhanova52@example.com,seller
753,Zhanar Nurpeis,+77107383106,zhanar.nurpeis53@example.com,seller
754,Sara Akhmetov,+77643701616,sara.akhmetov54@example.com,seller
755,Azamat Amanov,+77008244549,azamat.amanov55@example.com,buyer
756,Aidos Zhumanov,+77704443351,aidos.zhumanov56@example.com,seller
757,Diana Saparov,+77569462036,diana.saparov57@example.com,seller
758,Nursultan Sadykova,+77314947114,nursultan.sadykova58@example.com,seller
759,Azamat Rysbek,+77843442595,azamat.rysbek59@example.com,seller
760,Zhanar Amanov,+77440728398,zhanar.amanov60@example.com,seller
761,Sara Ualikhanova,+77281460807,sara.ualikhanova61@example.com,seller
762,Aidos Saparov,+77337957665,aidos.saparov62@example.com,seller
763,Omir Amanov,+77812034755,omir.amanov63@example.com,seller
764,Sara Amanzholov,+77958275511,sara.amanzholov64@example.com,seller
765,Laila Zhaksybek,+77840221054,laila.zhaksybek65@example.com,seller
766,Sara Abilov,+77206467147,sara.abilov66@example.com,seller
767,Zhanar Nurpeis,+77260400251,zhanar.nurpeis67@example.com,seller
768,Kamila Bekturov,+77940475053,kamila.bekturov68@example.com,seller
769,Diana Kassenov,+77827237224,diana.kassenov69@example.com,seller
770,Sara Saparov,+77058188648,sara.saparov70@example.com,seller
771,Azamat Ibragimov,+77648164746,azamat.ibragimov71@example.com,seller
772,Rustem Sadykova,+77009831282,rustem.sadykova72@example.com,seller
773,Nursultan Kassenov,+77127146375,nursultan.kassenov73@example.com,seller
774,Diana Saparov,+77194394462,diana.saparov74@example.com,seller
775,Zhanar Amanov,+77745122740,zhanar.amanov75@example.com,seller
776,Timur Bekturov,+77144242779,timur.bekturov76@example.com,seller
777,Marat Turarov,+77418913409,marat.turarov77@example.com,buyer
778,Arman Turarov,+77189920787,arman.turarov78@example.com,seller
779,Arman Turarov,+77399978780,arman.turarov79@example.com,seller
780,Salem Iskakov,+77686569718,salem.iskakov80@example.com,seller
781,Madina Mukhtarov,+77816573079,madina.mukhtarov81@example.com,buyer
782,Arman Amanov,+77632229840,arman.amanov82@example.com,seller
783,Bek Amanov,+77600038466,bek.amanov83@example.com,seller
784,Aigerim Turarov,+77185638316,aigerim.turarov84@example.com,seller
785,Gulnara Mukhtarov,+77999637925,gulnara.mukhtarov85@example.com,seller
786,Gulnara Nurpeis,+77771245472,gulnara.nurpeis86@example.com,seller
787,Kamila Kassenov,+77685685141,kamila.kassenov87@example.com,seller
788,Dias Nurpeis,+77784311348,dias.nurpeis88@example.com,seller
789,Nursultan Sadykova,+77218926239,nursultan.sadykova89@example.com,seller
790,Rustem Amanov,+77367381114,rustem.amanov90@example.com,buyer
791,Zhanar Akhmetov,+77747790627,zhanar.akhmetov91@example.com,seller
792,Salem Sadykova,+77495214319,salem.sadykova92@example.com,seller
793,Nursultan Akhmetov,+77284248553,nursultan.akhmetov93@example.com,seller
794,Timur Nurpeis,+77132506072,timur.nurpeis94@example.com,buyer
795,Erlan Ibragimov,+77943443205,erlan.ibragimov95@example.com,seller
796,Omir Rysbek,+77050625936,omir.rysbek96@example.com,seller
797,Zhanar Rysbek,+77328031438,zhanar.rysbek97@example.com,seller
798,Timur Zhaksybek,+77363503699,timur.zhaksybek98@example.com,buyer
799,Aigerim Turarov,+77119618771,aigerim.turarov99@example.com,seller
800,Aigerim Nurpeis,+77765497633,aigerim.nurpeis0@example.com,seller
801,Timur Amanzholov,+77660111361,timur.amanzholov1@example.com,seller
802,Marat Turarov,+77483989254,marat.turarov2@example.com,seller
803,Azamat Yermekova,+77260807808,azamat.yermekova3@example.com,seller
804,Nursultan Amanov,+77182236581,nursultan.amanov4@example.com,seller
805,Aigerim Amanzholov,+77578635128,aigerim.amanzholov5@example.com,seller
806,Nursultan Turarov,+77963940176,nursultan.turarov6@example.com,seller
807,Omir Mukhtarov,+77703359731,omir.mukhtarov7@example.com,seller
808,Dias Zhumanov,+77841854568,dias.zhumanov8@example.com,seller
809,Rustem Sadykova,+77273728913,rustem.sadykova9@example.com,seller
810,Aigerim Sadykova,+77415122551,aigerim.sadykova10@example.com,buyer
811,Sara Amanzholov,+77540136501,sara.amanzholov11@example.com,seller
812,Kamila Zhumanov,+77959704252,kamila.zhumanov12@example.com,seller
813,Sara Abilov,+77946070243,sara.abilov13@example.com,seller
814,Aidos Sadykova,+77921097040,aidos.sadykova14@example.com,seller
815,Erlan Turarov,+77767892241,erlan.turarov15@example.com,seller
816,Gulnara Amanov,+77542407643,gulnara.amanov16@example.com,seller
817,Erlan Turarov,+77904692089,erlan.turarov17@example.com,seller
818,Omir Kassenov,+77299417352,omir.kassenov18@example.com,seller
819,Kamila Akhmetov,+77280947516,kamila.akhmetov19@example.com,seller
820,Zhanar Sadykova,+77886751667,zhanar.sadykova20@example.com,seller
821,Salem Akhmetov,+77739200409,salem.akhmetov21@example.com,seller
822,Bek Zhumanov,+77665227168,bek.zhumanov22@example.com,seller
823,Gulnara Amanzholov,+77115054804,gulnara.amanzholov23@example.com,buyer
824,Sara Abilov,+77691113267,sara.abilov24@example.com,seller
825,Diana Amanzholov,+77490155972,diana.amanzholov25@example.com,seller
826,Salem Bekturov,+77863186550,salem.bekturov26@example.com,seller
827,Laila Iskakov,+77552432079,laila.iskakov27@example.com,seller
828,Marat Sadykova,+77328645576,marat.sadykova28@example.com,seller
829,Bek Nurlybai,+77754923795,bek.nurlybai29@example.com,seller
830,Bek Suleimen,+77294463869,bek.suleimen30@example.com,seller
831,Diana Rysbek,+77404631194,diana.rysbek31@example.com,seller
832,Madina Turarov,+77925402124,madina.turarov32@example.com,seller
833,Kamila Kassenov,+77287547650,kamila.kassenov33@example.com,seller
834,Aigerim Amanzholov,+77696533619,aigerim.amanzholov34@example.com,buyer
835,Laila Zhaksybek,+77174734337,laila.zhaksybek35@example.com,seller
836,Rustem Nurlybai,+77850778031,rustem.nurlybai36@example.com,seller
837,Diana Suleimen,+77693713830,diana.suleimen37@example.com,seller
838,Aidos Bekturov,+77987789449,aidos.bekturov38@example.com,seller
839,Laila Yermekova,+77185115751,laila.yermekova39@example.com,seller
840,Laila Amanzholov,+77992269555,laila.amanzholov40@example.com,seller
841,Nursultan Nurpeis,+77130058682,nursultan.nurpeis41@example.com,seller
842,Arman Mukhtarov,+77198764939,arman.mukhtarov42@example.com,seller
843,Nursultan Mukhtarov,+77017477783,nursultan.mukhtarov43@example.com,seller
844,Erlan Bekturov,+77495326907,erlan.bekturov44@example.com,seller
845,Azamat Suleimen,+77048650818,azamat.suleimen45@example.com,seller
846,Erlan Zhumanov,+77720988673,erlan.zhumanov46@example.com,seller
847,Azamat Suleimen,+77012030293,azamat.suleimen47@example.com,seller
848,Timur Yermekova,+77400152809,timur.yermekova48@example.com,seller
849,Dias Saparov,+77066262563,dias.saparov49@example.com,seller
850,Salem Saparov,+77997029604,salem.saparov50@example.com,seller
851,Rustem Turarov,+77633113217,rustem.turarov51@example.com,seller
852,Bek Rysbek,+77452195803,bek.rysbek52@example.com,buyer
853,Aigerim Ibragimov,+77332140581,aigerim.ibragimov53@example.com,seller
854,Laila Ibragimov,+77893414965,laila.ibragimov54@example.com,buyer
855,Madina Mukhtarov,+77213197600,madina.mukhtarov55@example.com,seller
856,Gulnara Bekturov,+77983546754,gulnara.bekturov56@example.com,seller
857,Aidos Akhmetov,+77877644069,aidos.akhmetov57@example.com,seller
858,Sara Nurlybai,+77407151520,sara.nurlybai58@example.com,seller
859,Dias Ibragimov,+77020986453,dias.ibragimov59@example.com,buyer
860,Zhanar Ualikhanova,+77963024851,zhanar.ualikhanova60@example.com,seller
861,Zhanar Rysbek,+77098813813,zhanar.rysbek61@example.com,seller
862,Aidos Bekturov,+77983697700,aidos.bekturov62@example.com,seller
863,Timur Turarov,+77761238683,timur.turarov63@example.com,buyer
864,Rustem Saparov,+77001702569,rustem.saparov64@example.com,seller
865,Salem Ibragimov,+77107987918,salem.ibragimov65@example.com,seller
866,Marat Nurlybai,+77288691122,marat.nurlybai66@example.com,seller
867,Madina Iskakov,+77660539699,madina.iskakov67@example.com,seller
868,Omir Amanzholov,+77816267975,omir.amanzholov68@example.com,seller
869,Zhanar Ualikhanova,+77588662592,zhanar.ualikhanova69@example.com,seller
870,Timur Amanzholov,+77151211534,timur.amanzholov70@example.com,seller
871,Salem Nurlybai,+77606236479,salem.nurlybai71@example.com,seller
872,Nursultan Bekturov,+77651689611,nursultan.bekturov72@example.com,seller
873,Aidos Iskakov,+77251341315,aidos.iskakov73@example.com,seller
874,Salem Amanzholov,+77558387635,salem.amanzholov74@example.com,seller
875,Bek Iskakov,+77732429575,bek.iskakov75@example.com,seller
876,Marat Turarov,+77390932614,marat.turarov76@example.com,buyer
877,Omir Nurlybai,+77460371446,omir.nurlybai77@example.com,buyer
878,Omir Zhaksybek,+77906123163,omir.zhaksybek78@example.com,seller
879,Laila Zhaksybek,+77962923276,laila.zhaksybek79@example.com,seller
880,Aidos Zhumanov,+77254205748,aidos.zhumanov80@example.com,seller
881,Aidos Turarov,+77142486665,aidos.turarov81@example.com,seller
882,Omir Zhaksybek,+77911896854,omir.zhaksybek82@example.com,seller
883,Azamat Mukhtarov,+77325049214,azamat.mukhtarov83@example.com,buyer
884,Salem Mukhtarov,+77817173816,salem.mukhtarov84@example.com,seller
885,Diana Turarov,+77841776099,diana.turarov85@example.com,seller
886,Omir Ibragimov,+77548141721,omir.ibragimov86@example.com,seller
887,Arman Zhaksybek,+77522544939,arman.zhaksybek87@example.com,seller
888,Timur Turarov,+77720442333,timur.turarov88@example.com,seller
889,Bek Saparov,+77413494288,bek.saparov89@example.com,buyer
890,Dias Suleimen,+77581764768,dias.suleimen90@example.com,buyer
891,Kamila Turarov,+77653427376,kamila.turarov91@example.com,seller
892,Diana Ualikhanova,+77285906450,diana.ualikhanova92@example.com,buyer
893,Nursultan Nurpeis,+77647636547,nursultan.nurpeis93@example.com,seller
894,Sara Iskakov,+77630968145,sara.iskakov94@example.com,buyer
895,Gulnara Sadykova,+77870979378,gulnara.sadykova95@example.com,seller
896,Omir Rysbek,+77983813617,omir.rysbek96@example.com,seller
897,Arman Amanzholov,+77372171204,arman.amanzholov97@example.com,seller
898,Omir Amanov,+77894898284,omir.amanov98@example.com,seller
899,Sara Ualikhanova,+77836984208,sara.ualikhanova99@example.com,seller
900,Aidos Nurlybai,+77151973057,aidos.nurlybai0@example.com,seller
901,Omir Amanov,+77891747462,omir.amanov1@example.com,buyer
902,Laila Mukhtarov,+77788467237,laila.mukhtarov2@example.com,buyer
903,Dias Bekturov,+77235747842,dias.bekturov3@example.com,seller
904,Zhanar Rysbek,+77056737741,zhanar.rysbek4@example.com,seller
905,Nursultan Yermekova,+77888286002,nursultan.yermekova5@example.com,buyer
906,Kamila Amanov,+77190723740,kamila.amanov6@example.com,seller
907,Salem Zhumanov,+77352292920,salem.zhumanov7@example.com,seller
908,Aidos Sadykova,+77095519439,aidos.sadykova8@example.com,seller
909,Erlan Iskakov,+77196245885,erlan.iskakov9@example.com,seller
910,Kamila Zhaksybek,+77258095832,kamila.zhaksybek10@example.com,seller
911,Diana Ualikhanova,+77077833387,diana.ualikhanova11@example.com,seller
912,Salem Akhmetov,+77006707662,salem.akhmetov12@example.com,seller
913,Dias Sadykova,+77844284468,dias.sadykova13@example.com,seller
914,Salem Sadykova,+77098211758,salem.sadykova14@example.com,seller
915,Laila Akhmetov,+77001101330,laila.akhmetov15@example.com,seller
916,Gulnara Suleimen,+77876475705,gulnara.suleimen16@example.com,seller
917,Sara Kassenov,+77458921202,sara.kassenov17@example.com,buyer
918,Madina Akhmetov,+77244182593,madina.akhmetov18@example.com,seller
919,Madina Nurlybai,+77146205280,madina.nurlybai19@example.com,seller
920,Madina Sadykova,+77496471866,madina.sadykova20@example.com,seller
921,Zhanar Nurlybai,+77337058401,zhanar.nurlybai21@example.com,seller
922,Aidos Amanov,+77275334983,aidos.amanov22@example.com,buyer
923,Erlan Nurlybai,+77843110227,erlan.nurlybai23@example.com,seller
924,Salem Ibragimov,+77750681734,salem.ibragimov24@example.com,seller
925,Rustem Nurpeis,+77856254086,rustem.nurpeis25@example.com,seller
926,Zhanar Nurlybai,+77596284182,zhanar.nurlybai26@example.com,buyer
927,Zhanar Akhmetov,+77141202487,zhanar.akhmetov27@example.com,seller
928,Kamila Amanov,+77822476693,kamila.amanov28@example.com,seller
929,Zhanar Turarov,+77670450000,zhanar.turarov29@example.com,buyer
930,Bek Yermekova,+77864118944,bek.yermekova30@example.com,seller
931,Salem Turarov,+77228940430,salem.turarov31@example.com,seller
932,Madina Rysbek,+77356793825,madina.rysbek32@example.com,buyer
933,Diana Akhmetov,+77831809747,diana.akhmetov33@example.com,seller
934,Rustem Kassenov,+77073788332,rustem.kassenov34@example.com,seller
935,Timur Yermekova,+77946663028,timur.yermekova35@example.com,seller
936,Gulnara Rysbek,+77562659946,gulnara.rysbek36@example.com,buyer
937,Sara Nurpeis,+77451698338,sara.nurpeis37@example.com,seller
938,Azamat Rysbek,+77585908727,azamat.rysbek38@example.com,seller
939,Madina Ualikhanova,+77480826586,madina.ualikhanova39@example.com,buyer
940,Laila Amanzholov,+77235181023,laila.amanzholov40@example.com,seller
941,Timur Amanzholov,+77540499969,timur.amanzholov41@example.com,seller
942,Salem Saparov,+77189919958,salem.saparov42@example.com,seller
943,Rustem Bekturov,+77989063686,rustem.bekturov43@example.com,seller
944,Azamat Nurpeis,+77580026872,azamat.nurpeis44@example.com,seller
945,Sara Ibragimov,+77056986671,sara.ibragimov45@example.com,seller
946,Gulnara Rysbek,+77756652902,gulnara.rysbek46@example.com,seller
947,Azamat Akhmetov,+77482094659,azamat.akhmetov47@example.com,seller
948,Omir Turarov,+77391080478,omir.turarov48@example.com,seller
949,Nursultan Yermekova,+77606203548,nursultan.yermekova49@example.com,seller
950,Aidos Zhumanov,+77036522577,aidos.zhumanov50@example.com,seller
951,Sara Suleimen,+77045639583,sara.suleimen51@example.com,seller
952,Timur Mukhtarov,+77715200536,timur.mukhtarov52@example.com,seller
953,Rustem Suleimen,+77089479909,rustem.suleimen53@example.com,buyer
954,Gulnara Iskakov,+77416504706,gulnara.iskakov54@example.com,seller
955,Marat Mukhtarov,+77152819463,marat.mukhtarov55@example.com,seller
956,Timur Zhaksybek,+77732267407,timur.zhaksybek56@example.com,seller
957,Madina Kassenov,+77180592735,madina.kassenov57@example.com,buyer
958,Azamat Zhumanov,+77398303491,azamat.zhumanov58@example.com,seller
959,Sara Rysbek,+77750151038,sara.rysbek59@example.com,seller
960,Nursultan Mukhtarov,+77958817965,nursultan.mukhtarov60@example.com,buyer
961,Diana Kassenov,+77470016929,diana.kassenov61@example.com,seller
962,Laila Akhmetov,+77936220121,laila.akhmetov62@example.com,seller
963,Aidos Kassenov,+77923344512,aidos.kassenov63@example.com,seller
964,Madina Turarov,+77343068609,madina.turarov64@example.com,seller
965,Sara Yermekova,+77926449853,sara.yermekova65@example.com,seller
966,Omir Nurlybai,+77278775239,omir.nurlybai66@example.com,seller
967,Marat Ibragimov,+77034349664,marat.ibragimov67@example.com,seller
968,Timur Sadykova,+77896309776,timur.sadykova68@example.com,seller
969,Arman Zhaksybek,+77756112323,arman.zhaksybek69@example.com,seller
970,Diana Zhaksybek,+77638833926,diana.zhaksybek70@example.com,buyer
971,Omir Nurlybai,+77723778656,omir.nurlybai71@example.com,seller
972,Aidos Abilov,+77715570609,aidos.abilov72@example.com,buyer
973,Madina Mukhtarov,+77421626653,madina.mukhtarov73@example.com,seller
974,Marat Yermekova,+77326484573,marat.yermekova74@example.com,buyer
975,Aigerim Nurlybai,+77127257185,aigerim.nurlybai75@example.com,seller
976,Kamila Akhmetov,+77135352139,kamila.akhmetov76@example.com,seller
977,Aigerim Ualikhanova,+77048970283,aigerim.ualikhanova77@example.com,seller
978,Dias Turarov,+77582785263,dias.turarov78@example.com,seller
979,Marat Suleimen,+77237706453,marat.suleimen79@example.com,seller
980,Marat Zhumanov,+77957677729,marat.zhumanov80@example.com,seller
981,Salem Akhmetov,+77371630823,salem.akhmetov81@example.com,seller
982,Omir Nurlybai,+77365574317,omir.nurlybai82@example.com,seller
983,Madina Akhmetov,+77416528453,madina.akhmetov83@example.com,seller
984,Madina Sadykova,+77437611075,madina.sadykova84@example.com,seller
985,Laila Nurlybai,+77014010420,laila.nurlybai85@example.com,seller
986,Azamat Nurlybai,+77460069558,azamat.nurlybai86@example.com,buyer
987,Dias Amanzholov,+77415384952,dias.amanzholov87@example.com,seller
988,Bek Rysbek,+77047340022,bek.rysbek88@example.com,seller
989,Bek Iskakov,+77286749065,bek.iskakov89@example.com,seller
990,Aigerim Yermekova,+77612329191,aigerim.yermekova90@example.com,seller
991,Timur Nurlybai,+77750426644,timur.nurlybai91@example.com,seller
992,Rustem Mukhtarov,+77002984022,rustem.mukhtarov92@example.com,seller
993,Bek Zhaksybek,+77404775916,bek.zhaksybek93@example.com,seller
994,Sara Ibragimov,+77008643561,sara.ibragimov94@example.com,seller
995,Nursultan Akhmetov,+77889533119,nursultan.akhmetov95@example.com,seller
996,Dias Amanov,+77228187922,dias.amanov96@example.com,seller
997,Sara Rysbek,+77139594898,sara.rysbek97@example.com,seller
998,Nursultan Saparov,+77113567378,nursultan.saparov98@example.com,seller
999,Salem Rysbek,+77197321806,salem.rysbek99@example.com,seller
1000,Nursultan Nurlybai,+77754256866,nursultan.nurlybai0@example.com,seller
1001,Rustem Abilov,+77330406757,rustem.abilov1@example.com,seller
1002,Arman Turarov,+77016356679,arman.turarov2@example.com,seller
1003,Laila Sadykova,+77690578165,laila.sadykova3@example.com,seller
1004,Madina Akhmetov,+77262299341,madina.akhmetov4@example.com,buyer
1005,Salem Amanzholov,+77980889460,salem.amanzholov5@example.com,seller
1006,Erlan Rysbek,+77260893196,erlan.rysbek6@example.com,seller
1007,Diana Suleimen,+77094904011,diana.suleimen7@example.com,seller
1008,Azamat Zhaksybek,+77236163120,azamat.zhaksybek8@example.com,buyer
1009,Marat Mukhtarov,+77302354833,marat.mukhtarov9@example.com,seller
1010,Gulnara Ibragimov,+77809855907,gulnara.ibragimov10@example.com,seller
1011,Sara Nurlybai,+77924173622,sara.nurlybai11@example.com,seller
1012,Dias Kassenov,+77637178891,dias.kassenov12@example.com,seller
1013,Timur Kassenov,+77424387157,timur.kassenov13@example.com,seller
1014,Rustem Abilov,+77449984014,rustem.abilov14@example.com,seller
1015,Aidos Nurpeis,+77491315404,aidos.nurpeis15@example.com,seller
1016,Omir Iskakov,+77200294311,omir.iskakov16@example.com,buyer
1017,Kamila Zhaksybek,+77497536841,kamila.zhaksybek17@example.com,seller
1018,Marat Nurpeis,+77001178290,marat.nurpeis18@example.com,seller
1019,Arman Turarov,+77860231593,arman.turarov19@example.com,seller
1020,Nursultan Abilov,+77766323369,nursultan.abilov20@example.com,seller
1021,Nursultan Yermekova,+77463264925,nursultan.yermekova21@example.com,buyer
1022,Arman Zhumanov,+77779061056,arman.zhumanov22@example.com,buyer
1023,Dias Akhmetov,+77973781137,dias.akhmetov23@example.com,seller
1024,Erlan Nurlybai,+77976955622,erlan.nurlybai24@example.com,seller
1025,Aidos Akhmetov,+77607247598,aidos.akhmetov25@example.com,seller
1026,Zhanar Suleimen,+77829790424,zhanar.suleimen26@example.com,seller
1027,Erlan Ualikhanova,+77227027678,erlan.ualikhanova27@example.com,seller
1028,Sara Amanzholov,+77591203447,sara.amanzholov28@example.com,buyer
1029,Laila Ibragimov,+77610932306,laila.ibragimov29@example.com,seller
1030,Bek Kassenov,+77755890305,bek.kassenov30@example.com,seller
1031,Azamat Amanzholov,+77554871154,azamat.amanzholov31@example.com,buyer
1032,Madina Ibragimov,+77984801482,madina.ibragimov32@example.com,seller
1033,Bek Amanzholov,+77822043724,bek.amanzholov33@example.com,buyer
1034,Dias Amanzholov,+77403123168,dias.amanzholov34@example.com,buyer
1035,Erlan Nurlybai,+77514957846,erlan.nurlybai35@example.com,seller
1036,Erlan Rysbek,+77356158918,erlan.rysbek36@example.com,seller
1037,Madina Suleimen,+77551810560,madina.suleimen37@example.com,buyer
1038,Nursultan Amanov,+77174497626,nursultan.amanov38@example.com,seller
1039,Madina Kassenov,+77591846322,madina.kassenov39@example.com,seller
1040,Marat Saparov,+77576228471,marat.saparov40@example.com,seller
1041,Rustem Nurpeis,+77711338235,rustem.nurpeis41@example.com,seller
1042,Madina Rysbek,+77095219997,madina.rysbek42@example.com,seller
1043,Kamila Amanov,+77299317479,kamila.amanov43@example.com,seller
1044,Diana Iskakov,+77802914771,diana.iskakov44@example.com,buyer
1045,Dias Ualikhanova,+77386441343,dias.ualikhanova45@example.com,seller
1046,Aidos Nurpeis,+77789972571,aidos.nurpeis46@example.com,buyer
1047,Diana Sadykova,+77680799423,diana.sadykova47@example.com,buyer
1048,Madina Rysbek,+77767074846,madina.rysbek48@example.com,seller
1049,Rustem Nurpeis,+77140214044,rustem.nurpeis49@example.com,seller
1050,Bek Akhmetov,+77913202910,bek.akhmetov50@example.com,buyer
1051,Arman Abilov,+77400431302,arman.abilov51@example.com,seller
1052,Madina Nurpeis,+77540455195,madina.nurpeis52@example.com,buyer
1053,Zhanar Ibragimov,+77951695909,zhanar.ibragimov53@example.com,buyer
1054,Zhanar Rysbek,+77425065275,zhanar.rysbek54@example.com,buyer
1055,Aidos Sadykova,+77369833567,aidos.sadykova55@example.com,seller
1056,Gulnara Zhaksybek,+77493490527,gulnara.zhaksybek56@example.com,seller
1057,Azamat Nurlybai,+77103029613,azamat.nurlybai57@example.com,seller
1058,Diana Turarov,+77734210703,diana.turarov58@example.com,buyer
1059,Nursultan Zhumanov,+77096270450,nursultan.zhumanov59@example.com,seller
1060,Dias Amanov,+77320552711,dias.amanov60@example.com,seller
1061,Marat Sadykova,+77924062859,marat.sadykova61@example.com,seller
1062,Laila Iskakov,+77234258002,laila.iskakov62@example.com,seller
1063,Aidos Rysbek,+77266225137,aidos.rysbek63@example.com,seller
1064,Dias Zhumanov,+77415644788,dias.zhumanov64@example.com,seller
1065,Nursultan Nurpeis,+77609336770,nursultan.nurpeis65@example.com,seller
1066,Aigerim Suleimen,+77450756345,aigerim.suleimen66@example.com,seller
1067,Aidos Iskakov,+77059997565,aidos.iskakov67@example.com,seller
1068,Azamat Amanzholov,+77950044723,azamat.amanzholov68@example.com,seller
1069,Zhanar Bekturov,+77494463016,zhanar.bekturov69@example.com,seller
1070,Azamat Abilov,+77752076914,azamat.abilov70@example.com,seller
1071,Diana Turarov,+77612384962,diana.turarov71@example.com,seller
1072,Omir Akhmetov,+77064901853,omir.akhmetov72@example.com,seller
1073,Laila Saparov,+77836233267,laila.saparov73@example.com,seller
1074,Timur Sadykova,+77473493588,timur.sadykova74@example.com,seller
1075,Azamat Yermekova,+77735360479,azamat.yermekova75@example.com,seller
1076,Marat Yermekova,+77770173255,marat.yermekova76@example.com,buyer
1077,Laila Ualikhanova,+77369141602,laila.ualikhanova77@example.com,seller
1078,Timur Zhumanov,+77404724239,timur.zhumanov78@example.com,buyer
1079,Gulnara Yermekova,+77139023550,gulnara.yermekova79@example.com,seller
1080,Azamat Nurpeis,+77465832017,azamat.nurpeis80@example.com,buyer
1081,Dias Saparov,+77157687636,dias.saparov81@example.com,seller
1082,Aigerim Ualikhanova,+77714537172,aigerim.ualikhanova82@example.com,seller
1083,Sara Amanzholov,+77746708348,sara.amanzholov83@example.com,seller
1084,Kamila Nurpeis,+77108890152,kamila.nurpeis84@example.com,seller
1085,Salem Amanov,+77637929920,salem.amanov85@example.com,buyer
1086,Marat Ualikhanova,+77158397223,marat.ualikhanova86@example.com,buyer
1087,Timur Turarov,+77706538226,timur.turarov87@example.com,seller
1088,Kamila Abilov,+77215836278,kamila.abilov88@example.com,seller
1089,Rustem Nurpeis,+77773271730,rustem.nurpeis89@example.com,seller
1090,Gulnara Kassenov,+77954517214,gulnara.kassenov90@example.com,seller
1091,Madina Akhmetov,+77570832029,madina.akhmetov91@example.com,seller
1092,Rustem Abilov,+77279969634,rustem.abilov92@example.com,seller
1093,Madina Abilov,+77083266881,madina.abilov93@example.com,seller
1094,Omir Iskakov,+77536342896,omir.iskakov94@example.com,seller
1095,Aidos Akhmetov,+77771771232,aidos.akhmetov95@example.com,seller
1096,Omir Zhaksybek,+77835759851,omir.zhaksybek96@example.com,seller
1097,Laila Rysbek,+77536204647,laila.rysbek97@example.com,seller
1098,Gulnara Bekturov,+77630100168,gulnara.bekturov98@example.com,seller
1099,Sara Yermekova,+77387075984,sara.yermekova99@example.com,buyer
1100,Zhanar Akhmetov,+77605931484,zhanar.akhmetov0@example.com,seller
1101,Kamila Bekturov,+77415172178,kamila.bekturov1@example.com,seller
1102,Dias Ualikhanova,+77224005882,dias.ualikhanova2@example.com,seller
1103,Diana Turarov,+77190141637,diana.turarov3@example.com,seller
1104,Timur Akhmetov,+77023757620,timur.akhmetov4@example.com,seller
1105,Laila Ibragimov,+77993525825,laila.ibragimov5@example.com,seller
1106,Erlan Turarov,+77874848279,erlan.turarov6@example.com,seller
1107,Nursultan Bekturov,+77639890586,nursultan.bekturov7@example.com,buyer
1108,Sara Akhmetov,+77618170969,sara.akhmetov8@example.com,seller
1109,Azamat Saparov,+77906495257,azamat.saparov9@example.com,seller
1110,Nursultan Suleimen,+77916383414,nursultan.suleimen10@example.com,seller
1111,Aidos Zhaksybek,+77934279668,aidos.zhaksybek11@example.com,seller
1112,Diana Abilov,+77395075488,diana.abilov12@example.com,seller
1113,Kamila Kassenov,+77413182261,kamila.kassenov13@example.com,buyer
1114,Timur Sadykova,+77716935106,timur.sadykova14@example.com,seller
1115,Salem Nurlybai,+77209823464,salem.nurlybai15@example.com,seller
1116,Nursultan Ualikhanova,+77876793968,nursultan.ualikhanova16@example.com,seller
1117,Timur Ibragimov,+77951475804,timur.ibragimov17@example.com,seller
1118,Aigerim Sadykova,+77486195859,aigerim.sadykova18@example.com,seller
1119,Rustem Zhaksybek,+77242671534,rustem.zhaksybek19@example.com,seller
1120,Aidos Mukhtarov,+77573547682,aidos.mukhtarov20@example.com,seller
1121,Bek Iskakov,+77882563848,bek.iskakov21@example.com,seller
1122,Nursultan Nurpeis,+77129114508,nursultan.nurpeis22@example.com,seller
1123,Omir Amanzholov,+77479569759,omir.amanzholov23@example.com,buyer
1124,Salem Rysbek,+77341810296,salem.rysbek24@example.com,buyer
1125,Aigerim Akhmetov,+77875792661,aigerim.akhmetov25@example.com,seller
1126,Nursultan Ualikhanova,+77954749911,nursultan.ualikhanova26@example.com,seller
1127,Kamila Rysbek,+77906390068,kamila.rysbek27@example.com,seller
1128,Madina Suleimen,+77533886006,madina.suleimen28@example.com,seller
1129,Nursultan Mukhtarov,+77742493520,nursultan.mukhtarov29@example.com,seller
1130,Sara Nurpeis,+77238976699,sara.nurpeis30@example.com,seller
1131,Gulnara Zhaksybek,+77141794996,gulnara.zhaksybek31@example.com,seller
1132,Azamat Ibragimov,+77436731210,azamat.ibragimov32@example.com,buyer
1133,Aigerim Zhaksybek,+77003656410,aigerim.zhaksybek33@example.com,seller
1134,Kamila Sadykova,+77693320994,kamila.sadykova34@example.com,buyer
1135,Omir Nurpeis,+77873673014,omir.nurpeis35@example.com,seller
1136,Salem Turarov,+77026399671,salem.turarov36@example.com,seller
1137,Sara Iskakov,+77706828453,sara.iskakov37@example.com,seller
1138,Madina Mukhtarov,+77988674483,madina.mukhtarov38@example.com,seller
1139,Bek Kassenov,+77783282022,bek.kassenov39@example.com,buyer
1140,Dias Saparov,+77200047312,dias.saparov40@example.com,seller
1141,Gulnara Yermekova,+77128757852,gulnara.yermekova41@example.com,seller
1142,Aidos Zhumanov,+77323329344,aidos.zhumanov42@example.com,seller
1143,Laila Suleimen,+77825964494,laila.suleimen43@example.com,seller
1144,Azamat Iskakov,+77865567967,azamat.iskakov44@example.com,seller
1145,Bek Kassenov,+77975422633,bek.kassenov45@example.com,seller
1146,Aigerim Suleimen,+77212725013,aigerim.suleimen46@example.com,seller
1147,Marat Akhmetov,+77376952556,marat.akhmetov47@example.com,seller
1148,Erlan Bekturov,+77188989570,erlan.bekturov48@example.com,seller
1149,Marat Kassenov,+77618060269,marat.kassenov49@example.com,seller
1150,Rustem Akhmetov,+77137246233,rustem.akhmetov50@example.com,seller
1151,Marat Akhmetov,+77888249691,marat.akhmetov51@example.com,buyer
1152,Rustem Nurpeis,+77181436558,rustem.nurpeis52@example.com,seller
1153,Gulnara Abilov,+77750878949,gulnara.abilov53@example.com,seller
1154,Erlan Zhumanov,+77652753126,erlan.zhumanov54@example.com,seller
1155,Aidos Saparov,+77390402402,aidos.saparov55@example.com,seller
1156,Rustem Akhmetov,+77242130763,rustem.akhmetov56@example.com,seller
1157,Rustem Ualikhanova,+77458296079,rustem.ualikhanova57@example.com,buyer
1158,Erlan Akhmetov,+77037321568,erlan.akhmetov58@example.com,seller
1159,Azamat Turarov,+77974311189,azamat.turarov59@example.com,seller
1160,Salem Zhaksybek,+77048921479,salem.zhaksybek60@example.com,seller
1161,Azamat Zhumanov,+77534545407,azamat.zhumanov61@example.com,seller
1162,Erlan Kassenov,+77890953276,erlan.kassenov62@example.com,seller
1163,Azamat Sadykova,+77105946419,azamat.sadykova63@example.com,seller
1164,Bek Suleimen,+77167472502,bek.suleimen64@example.com,seller
1165,Arman Akhmetov,+77692355342,arman.akhmetov65@example.com,seller
1166,Salem Amanzholov,+77678733695,salem.amanzholov66@example.com,buyer
1167,Dias Amanov,+77715348960,dias.amanov67@example.com,seller
1168,Kamila Amanzholov,+77922912547,kamila.amanzholov68@example.com,seller
1169,Azamat Amanov,+77215074907,azamat.amanov69@example.com,seller
1170,Gulnara Rysbek,+77140686092,gulnara.rysbek70@example.com,seller
1171,Aigerim Yermekova,+77741796333,aigerim.yermekova71@example.com,seller
1172,Diana Kassenov,+77987458775,diana.kassenov72@example.com,buyer
1173,Arman Zhumanov,+77313572258,arman.zhumanov73@example.com,seller
1174,Diana Akhmetov,+77601524230,diana.akhmetov74@example.com,buyer
1175,Nursultan Kassenov,+77788397590,nursultan.kassenov75@example.com,seller
1176,Azamat Sadykova,+77404829596,azamat.sadykova76@example.com,seller
1177,Marat Ibragimov,+77226627746,marat.ibragimov77@example.com,seller
1178,Madina Bekturov,+77260106618,madina.bekturov78@example.com,seller
1179,Rustem Turarov,+77918139014,rustem.turarov79@example.com,buyer
1180,Salem Sadykova,+77291581061,salem.sadykova80@example.com,seller
1181,Bek Rysbek,+77112250457,bek.rysbek81@example.com,seller
1182,Aidos Amanov,+77718335840,aidos.amanov82@example.com,seller
1183,Rustem Amanzholov,+77327373659,rustem.amanzholov83@example.com,seller
1184,Salem Ibragimov,+77159447603,salem.ibragimov84@example.com,seller
1185,Dias Abilov,+77831901185,dias.abilov85@example.com,seller
1186,Nursultan Bekturov,+77709849060,nursultan.bekturov86@example.com,buyer
1187,Erlan Saparov,+77712932571,erlan.saparov87@example.com,seller
1188,Rustem Nurlybai,+77889242841,rustem.nurlybai88@example.com,seller
1189,Omir Bekturov,+77067922272,omir.bekturov89@example.com,seller
1190,Kamila Amanov,+77048353737,kamila.amanov90@example.com,seller
1191,Sara Rysbek,+77610612252,sara.rysbek91@example.com,seller
1192,Nursultan Turarov,+77395445629,nursultan.turarov92@example.com,seller
1193,Zhanar Rysbek,+77077331835,zhanar.rysbek93@example.com,buyer
1194,Laila Ibragimov,+77354279308,laila.ibragimov94@example.com,seller
1195,Kamila Mukhtarov,+77611576973,kamila.mukhtarov95@example.com,seller
1196,Laila Bekturov,+77636111573,laila.bekturov96@example.com,seller
1197,Laila Ibragimov,+77484106465,laila.ibragimov97@example.com,seller
1198,Omir Kassenov,+77064637244,omir.kassenov98@example.com,seller
1199,Aidos Nurpeis,+77019499324,aidos.nurpeis99@example.com,seller
1200,Nursultan Ualikhanova,+77169968727,nursultan.ualikhanova0@example.com,seller
